smiles,Molecular Weight,Number of H-Bond Donors,Number of Rings,Number of Rotatable Bonds,Polar Surface Area,log solubility (M),Compound ID
OCC3OC(OCC2OC(OC(C#N)c1ccccc1)C(O)C(O)C2O)C(O)C(O)C3O ,457.4320000000001,7,3,7,202.31999999999996,-0.77,Amigdalin
Cc1occc1C(=O)Nc2ccccc2,201.225,1,2,2,42.24,-3.3,Fenfuram
CC(C)=CCCC(C)=CC(=O),152.237,0,0,4,17.07,-2.06,citral
c1ccc2c(c1)ccc3c2ccc4c5ccccc5ccc43,278.354,0,5,0,0.0,-7.87,Picene
c1ccsc1,84.14299999999999,0,1,0,0.0,-1.33,Thiophene
c2ccc1scnc1c2 ,135.191,0,2,0,12.89,-1.5,benzothiazole
Clc1cc(Cl)c(c(Cl)c1)c2c(Cl)cccc2Cl,326.437,0,2,1,0.0,-7.32,"2,2,4,6,6'-PCB"
CC12CCC3C(CCc4cc(O)ccc34)C2CCC1O,272.388,2,4,0,40.46,-5.03,Estradiol
ClC4=C(Cl)C5(Cl)C3C1CC(C2OC12)C3C4(Cl)C5(Cl)Cl,380.913,0,5,0,12.53,-6.29,Dieldrin
COc5cc4OCC3Oc2c1CC(Oc1ccc2C(=O)C3c4cc5OC)C(C)=C ,394.42300000000023,0,5,3,63.22,-4.42,Rotenone
O=C1CCCN1,85.10600000000001,1,1,0,29.1,1.07,2-pyrrolidone
Clc1ccc2ccccc2c1,162.61899999999997,0,2,0,0.0,-4.14,2-Chloronapthalene
CCCC=C,70.135,0,0,2,0.0,-2.68,1-Pentene 
CCC1(C(=O)NCNC1=O)c2ccccc2,218.256,2,2,2,58.2,-2.64,Primidone
CCCCCCCCCCCCCC,198.39399999999995,0,0,11,0.0,-7.96,Tetradecane
CC(C)Cl,78.542,0,0,0,0.0,-1.41,2-Chloropropane
CCC(C)CO,88.14999999999999,1,0,2,20.23,-0.47,2-Methylbutanol
N#Cc1ccccc1,103.12399999999997,0,1,0,23.79,-1.0,Benzonitrile
CCOP(=S)(OCC)Oc1cc(C)nc(n1)C(C)C,304.35200000000003,0,1,7,53.47,-3.64,Diazinon
CCCCCCCCCC(C)O,172.312,1,0,8,20.23,-2.94,2-Undecanol
Clc1ccc(c(Cl)c1)c2c(Cl)ccc(Cl)c2Cl ,326.437,0,2,1,0.0,-7.43,"2,2',3,4,6-PCB"
O=c2[nH]c1CCCc1c(=O)n2C3CCCCC3,234.29899999999995,1,3,1,54.86,-4.593999999999999,Lenacil
CCOP(=S)(OCC)SCSCC,260.38599999999997,0,0,8,18.46,-4.11,Phorate
CCOc1ccc(NC(=O)C)cc1,179.219,1,1,3,38.33,-2.35,Phenacetin
CCN(CC)c1c(cc(c(N)c1N(=O)=O)C(F)(F)F)N(=O)=O,322.243,1,1,5,115.54000000000002,-5.47,Dinitramine
CCCCCCCO,116.204,1,0,5,20.23,-1.81,1-Heptanol
Cn1c(=O)n(C)c2nc[nH]c2c1=O,180.16699999999997,1,2,0,72.68,-1.39,Theophylline
CCCCC1(CC)C(=O)NC(=O)NC1=O,212.249,2,1,4,75.27000000000001,-1.661,Butethal
ClC(Cl)=C(c1ccc(Cl)cc1)c2ccc(Cl)cc2,318.0300000000001,0,2,2,0.0,-6.9,"P,P'-DDE"
CCCCCCCC(=O)OC,158.241,0,0,6,26.3,-3.17,Methyl octanoate
CCc1ccc(CC)cc1,134.22199999999998,0,1,2,0.0,-3.75,"1,4-Diethylbenzene "
CCOP(=S)(OCC)SCSC(C)(C)C,288.44,0,0,7,18.46,-4.755,Terbufos
COC(=O)Nc1cccc(OC(=O)Nc2cccc(C)c2)c1,300.314,2,2,3,76.66,-4.805,Phenmedipham
ClC(=C)Cl,96.944,0,0,0,0.0,-1.64,"1,1-Dichloroethylene"
Cc1cccc2c1Cc3ccccc32,180.25000000000003,0,3,0,0.0,-5.22,1-Methylfluorene
CCCCC=O,86.13399999999999,0,0,3,17.07,-0.85,Valeraldehyde
N(c1ccccc1)c2ccccc2,169.227,1,2,2,12.03,-3.5039999999999996,Diphenylamine
CN(C)C(=O)SCCCCOc1ccccc1,253.367,0,1,6,29.540000000000003,-3.927,Fenothiocarb
CCCOP(=S)(OCCC)SCC(=O)N1CCCCC1C,353.4900000000001,0,1,9,38.77,-4.15,Piperophos
CCCCCCCI,226.101,0,0,5,0.0,-4.81,1-Iodoheptane
c1c(Cl)cccc1c2ccccc2,188.657,0,2,1,0.0,-4.88,3-Chlorobiphenyl
OCCCC=C,86.134,1,0,3,20.23,-0.15,4-Pentene-1-ol
O=C2NC(=O)C1(CCC1)C(=O)N2,168.15200000000002,2,2,0,75.27,-1.655,Cyclobutyl-5-spirobarbituric acid
CC(C)C1CCC(C)CC1O ,156.269,1,1,1,20.23,-2.53,menthol
CC(C)OC=O,88.106,0,0,2,26.3,-0.63,Isopropyl formate
CCCCCC(C)O,116.20399999999998,1,0,4,20.23,-1.55,2-Heptanol 
CC(=O)Nc1ccc(Br)cc1,214.062,1,1,1,29.1,-3.083,p-Bromoacetanilide
c1ccccc1n2ncc(N)c(Br)c2(=O),266.098,1,2,1,60.91,-3.127,brompyrazone
COC(=O)C1=C(C)NC(=C(C1c2ccccc2N(=O)=O)C(=O)OC)C ,346.33900000000017,1,2,4,107.77,-4.76,nifedipine
c2c(C)cc1nc(C)ccc1c2 ,157.216,0,2,0,12.89,-1.94,"2,7-dimethylquinoline"
CCCCCCC#C,110.2,0,0,4,0.0,-3.66,1-Octyne 
CCC1(C(=O)NC(=O)NC1=O)C2=CCCCC2 ,236.27099999999993,2,2,2,75.27000000000001,-2.17,cyclobarbital
c1ccc2c(c1)ccc3c4ccccc4ccc23,228.294,0,4,0,0.0,-8.057,Chrysene
CCC(C)n1c(=O)[nH]c(C)c(Br)c1=O ,261.11899999999997,1,1,2,54.86,-2.523,Bromacil
Clc1cccc(c1Cl)c2c(Cl)c(Cl)cc(Cl)c2Cl ,360.88200000000006,0,2,1,0.0,-8.6,"2,2',3,3',5,6-PCB"
Cc1ccccc1O,108.14,1,1,0,20.23,-0.62,2-Methylphenol
CC(C)CCC(C)(C)C,128.259,0,0,2,0.0,-5.05,"2,2,5-Trimethylhexane"
Cc1ccc(C)c2ccccc12,156.228,0,2,0,0.0,-4.14,"1,4-Dimethylnaphthalene "
Cc1cc2c3ccccc3ccc2c4ccccc14,242.321,0,4,0,0.0,-6.57,6-Methylchrysene
CCCC(=O)C,86.13399999999999,0,0,2,17.07,-0.19,2-Pentanone
Clc1cc(Cl)c(Cl)c(c1Cl)c2c(Cl)c(Cl)cc(Cl)c2Cl ,429.77200000000016,0,2,1,0.0,-9.15,"2,2',3,3',5,5',6,6'-PCB"
CCCOC(=O)CC,116.15999999999998,0,0,3,26.3,-0.82,Methyl butyrate
CC34CC(O)C1(F)C(CCC2=CC(=O)C=CC12C)C3CC(O)C4(O)C(=O)CO,394.43900000000014,4,4,2,115.06000000000002,-3.68,Triamcinolone
Nc1ccc(O)cc1,109.128,2,1,0,46.25,-0.8,p-Aminophenol
O=C(Cn1ccnc1N(=O)=O)NCc2ccccc2,260.253,1,2,5,90.06,-2.81,Benznidazole
OC4=C(C1CCC(CC1)c2ccc(Cl)cc2)C(=O)c3ccccc3C4=O,366.84400000000016,1,4,2,54.37,-5.931,"Atovaquone(0,430mg/ml) - neutral"
CCNc1nc(Cl)nc(n1)N(CC)CC,229.71499999999995,1,1,5,53.940000000000005,-4.06,Trietazine
NC(=O)c1cnccn1,123.11499999999998,1,1,1,68.87,-0.667,Pyrazinamide
CCC(Br)(CC)C(=O)NC(N)=O,237.097,2,0,3,72.19,-2.68,Carbromal
Clc1ccccc1c2ccccc2Cl ,223.102,0,2,1,0.0,-5.27,"2,2'-PCB"
O=C2CN(N=Cc1ccc(o1)N(=O)=O)C(=O)N2 ,238.15899999999996,1,2,3,118.04999999999998,-3.38,nitrofurantoin
Clc2ccc(Oc1ccc(cc1)N(=O)=O)c(Cl)c2,284.09799999999996,0,2,3,52.37,-5.46,Nitrofen
CC1(C)C2CCC1(C)C(=O)C2,152.237,0,2,0,17.07,-1.96,Camphor
O=C1NC(=O)NC(=O)C1(CC=C)c1ccccc1,244.25,2,2,3,75.27000000000001,-2.369,5-Allyl-5-phenylbarbital
CCCCC(=O)OCC,130.18699999999998,0,0,4,26.3,-2.25,Pentyl propanoate
CC(C)CCOC(=O)C,130.18699999999998,0,0,3,26.3,-1.92,Isopentyl acetate
O=C1N(COC(=O)CCCCC)C(=O)C(N1)(c2ccccc2)c3ccccc3,380.444,1,3,8,75.71,-5.886,3-Hexanoyloxymethylphenyltoin
Clc1cccc(c1)c2cc(Cl)ccc2Cl ,257.547,0,2,1,0.0,-6.01,"2,3',5-PCB"
CCCBr,122.993,0,0,1,0.0,-1.73,1-Bromopropane
CCCC1COC(Cn2cncn2)(O1)c3ccc(Cl)cc3Cl,342.2260000000001,0,3,5,49.17,-3.4930000000000003,Propiconazole
COP(=S)(OC)SCC(=O)N(C)C=O,257.27299999999997,0,0,6,55.84,-1.995,Formothion
Cc1ncnc2nccnc12,146.15299999999996,0,2,0,51.56,-0.466,4-methylpteridine
NC(=S)N,76.12400000000001,2,0,0,52.04,0.32,Thiourea
Cc1ccc(C)cc1,106.168,0,1,0,0.0,-2.77,p-Xylene 
CCc1ccccc1CC,134.22199999999998,0,1,2,0.0,-3.28,"1,2-Diethylbenzene"
ClC(Cl)(Cl)C(Cl)(Cl)Cl,236.74,0,0,0,0.0,-3.67,Hexachloroethane
CC(C)C(C(=O)OC(C#N)c1cccc(Oc2ccccc2)c1)c3ccc(OC(F)F)cc3,451.4690000000001,0,3,9,68.55000000000001,-6.876,Flucythrinate
CCCN(=O)=O,89.09399999999998,0,0,2,43.14,-0.8,1-Nitropropane
CC(C)C1CCC(C)CC1=O,154.253,0,1,1,17.07,-2.35,Menthone
CCN2c1cc(Cl)ccc1NC(=O)c3cccnc23 ,273.723,1,3,1,45.23,-5.36,RTI 24
O=N(=O)c1c(Cl)c(Cl)ccc1,192.00100000000003,0,1,1,43.14,-3.48,"2,3-Dichloronitrobenzene"
CCCC(C)C1(CC=C)C(=O)NC(=S)NC1=O ,254.355,2,1,5,58.2,-3.46,thiamylal
c1ccc2c(c1)c3cccc4cccc2c34,202.25599999999997,0,4,0,0.0,-6.0,Fluoranthene
CCCOC(C)C,102.17699999999998,0,0,3,9.23,-1.34,Propylisopropylether
Cc1cc(C)c2ccccc2c1,156.22799999999998,0,2,0,0.0,-4.29,"1,3-Dimethylnaphthalene"
CCC(=C(CC)c1ccc(O)cc1)c2ccc(O)cc2 ,268.356,2,2,4,40.46,-4.07,diethylstilbestrol
c1(C#N)c(Cl)c(C#N)c(Cl)c(Cl)c(Cl)1,265.914,0,1,0,47.58,-5.64,Chlorothalonil
Clc1ccc(Cl)c(c1)c2ccc(Cl)c(Cl)c2,291.992,0,2,1,0.0,-7.25,"2,3',4',5-PCB"
C1OC1c2ccccc2 ,120.15099999999995,0,2,1,12.53,-1.6,styrene oxide
CC(C)c1ccccc1,120.19499999999996,0,1,1,0.0,-3.27,Isopropylbenzene 
CC12CCC3C(CCC4=CC(=O)CCC34C)C2CCC1C(=O)CO,330.4680000000001,1,4,2,54.370000000000005,-3.45,Deoxycorticosterone
c2(Cl)c(Cl)c(Cl)c1nccnc1c2(Cl) ,267.93,0,2,0,25.78,-5.43,chlorquinox
C1OC(O)C(O)C(O)C1O,150.13,4,1,0,90.15,0.39,L-arabinose
ClCCl,84.93299999999999,0,0,0,0.0,-0.63,Dichloromethane
CCc1cccc2ccccc12,156.22799999999998,0,2,1,0.0,-4.17,1-Ethylnaphthalene 
COC=O,60.05200000000001,0,0,1,26.3,0.58,Methyl formate
Oc1ccccc1N(=O)=O,139.11,1,1,1,63.37,-1.74,o-Nitrophenol
Cc1c[nH]c(=O)[nH]c1=O ,126.115,2,1,0,65.72,-1.506,thymine
CC(C)C,58.123999999999995,0,0,0,0.0,-2.55,2-Methylpropane
OCC1OC(C(O)C1O)n2cnc3c(O)ncnc23,268.22900000000004,4,3,2,133.75,-1.23,Inosine
Oc1c(I)cc(C#N)cc1I,370.915,1,1,0,44.02,-3.61,Ioxynil
Oc1ccc(Cl)cc1C(=O)Nc2ccc(cc2Cl)N(=O)=O,327.1230000000001,2,2,3,92.47,-4.7,Niclosamide
CCCCC,72.151,0,0,2,0.0,-3.18,Pentane
c1ccccc1O,94.113,1,1,0,20.23,0.0,Phenol
Nc3ccc2cc1ccccc1cc2c3 ,193.249,1,3,0,26.02,-5.17,2-aminoanthracene
Cn1cnc2n(C)c(=O)[nH]c(=O)c12 ,180.16699999999997,1,2,0,72.68,-2.523,theobromine
c1ccc2cnccc2c1,129.16199999999998,0,2,0,12.89,-1.45,Isoquinoline
COP(=S)(OC)SCC(=O)N(C(C)C)c1ccc(Cl)cc1,367.86,0,1,7,38.77,-4.4319999999999995,Anilofos
CCCCCCc1ccccc1,162.276,0,1,5,0.0,-5.21,Hexylbenzene 
Clc1ccccc1c2ccccc2,188.657,0,2,1,0.0,-4.54,2-Chlorobiphenyl
CCCC(=C)C,84.16199999999999,0,0,2,0.0,-3.03,2-Methyl-1-Pentene
CC(C)C(C)C(C)C,114.232,0,0,2,0.0,-4.8,"2,3,4-Trimethylpentane"
Clc1cc(Cl)c(Cl)c(Cl)c1Cl,250.339,0,1,0,0.0,-5.65,Pentachlorobenzene
Oc1cccc(c1)N(=O)=O,139.11,1,1,1,63.37,-1.01,m-Nitrophenol
CCCCCCCCC=C,140.26999999999998,0,0,7,0.0,-5.51,1-Decene
CC(=O)OCC(COC(=O)C)OC(=O)C,218.205,0,0,5,78.9,-0.6,Glyceryl triacetate
CCCCc1c(C)nc(nc1O)N(C)C ,209.293,1,1,4,49.25000000000001,-2.24,dimethirimol
CC1(C)C(C=C(Cl)Cl)C1C(=O)OC(C#N)c2ccc(F)c(Oc3ccccc3)c2,434.29400000000015,0,3,6,59.32000000000001,-7.337000000000001,Cyfluthrin
c1ccncc1,79.10199999999998,0,1,0,12.89,0.76,Pyridine
CCCCCCCBr,179.101,0,0,5,0.0,-4.43,1-Bromoheptane
Cc1ccncc1C,107.156,0,1,0,12.89,0.36,"3,4-Dimethylpyridine"
CC34CC(O)C1(F)C(CCC2=CC(=O)CCC12C)C3CCC4(O)C(=O)CO ,380.4560000000002,3,4,2,94.83,-3.43,Fludrocortisone
CCSCc1ccccc1OC(=O)NC ,225.313,1,1,4,38.33,-2.09,ethiofencarb
CCOC(=O)CC(=O)OCC,160.16899999999998,0,0,4,52.60000000000001,-0.82,Malonic acid diethylester
CC1=CCC(CC1)C(C)=C,136.238,0,1,1,0.0,-4.26,d-Limonene
C1Cc2ccccc2C1,118.17899999999996,0,2,0,0.0,-3.04,Indan
CC(C)(C)c1ccc(O)cc1,150.22099999999998,1,1,0,20.23,-2.41,p-t-Butylphenol
O=C2NC(=O)C1(CC1)C(=O)N2 ,154.125,2,2,0,75.27,-1.886,Cyclopropyl-5-spirobarbituric acid
Clc1cccc(I)c1,238.455,0,1,0,0.0,-3.55,m-Chloroiodobenzene
Brc1cccc2ccccc12,207.07,0,2,0,0.0,-4.35,1-Bromonapthalene
CC/C=C/C,70.135,0,0,1,0.0,-2.54,trans-2-Pentene 
Cc1cccc(C)n1,107.156,0,1,0,12.89,0.45,"2,6-Dimethylpyridine"
ClC=C(Cl)Cl,131.389,0,0,0,0.0,-1.96,Trichloroethylene
Nc1cccc2ccccc12,143.189,1,2,0,26.02,-1.92,1-Napthylamine
Cc1cccc(C)c1,106.168,0,1,0,0.0,-2.82,m-Xylene 
Oc2ncc1nccnc1n2,148.125,1,2,0,71.79,-1.947,2-hydroxypteridine
CO,32.042,1,0,0,20.23,1.57,Methanol
CCC1(CCC(C)C)C(=O)NC(=O)NC1=O,226.276,2,1,4,75.27000000000001,-2.468,Amobarbital
CCC(=O)C,72.107,0,0,1,17.07,0.52,2-Butanone
Fc1c[nH]c(=O)[nH]c1=O ,130.078,2,1,0,65.72,-1.077,5-fluorouracil
Nc1ncnc2n(ccc12)C3OC(CO)C(O)C3O ,266.257,4,3,2,126.65,-1.95,tubercidin
Oc1cccc(O)c1,110.11199999999998,2,1,0,40.46,0.81,"1,3-Benzenediol"
CCCCCCO,102.177,1,0,4,20.23,-1.24,1-Hexanol
CCCCCCl,106.596,0,0,3,0.0,-2.73,1-Chloropentane
C=CC=C,54.09199999999999,0,0,1,0.0,-1.87,"1,3-Butadiene"
CCCOC(=O)C,102.13299999999998,0,0,2,26.3,-0.72,Propyl acetate
Oc2ccc1CCCCc1c2 ,148.205,1,2,0,20.23,-1.99,"5,6,7,8-tetrahydro-2-naphthol"
NC(=O)CCl ,93.513,1,0,1,43.09,-0.02,chloroacetamide
COP(=S)(OC)Oc1cc(Cl)c(I)cc1Cl,413.0,0,1,4,27.69,-6.62,Iodofenphos
Cc1ccc(Cl)cc1,126.586,0,1,0,0.0,-3.08,4-Chlorotoluene
CSc1nnc(c(=O)n1N)C(C)(C)C,214.294,1,1,1,73.8,-2.253,Metribuzin
Cc1ccc(OP(=O)(Oc2cccc(C)c2)Oc3ccccc3C)cc1,368.3690000000001,0,3,6,44.760000000000005,-6.01,Tricresyl phosphate
CCCCCC=O,100.161,0,0,4,17.07,-1.3,Caproaldehyde
CCCCOC(=O)c1ccc(N)cc1,193.246,1,1,4,52.32,-3.082,Butamben
O2c1cc(C)ccc1N(C)C(=O)c3cc(N)cnc23 ,255.277,1,3,0,68.45,-3.043,RTI 3
CC(C)=CCC/C(C)=C\CO,154.253,1,0,4,20.23,-2.46,Nerol
Clc1ccc(cc1)c2ccccc2Cl ,223.102,0,2,1,0.0,-5.28,"2,4'-PCB"
O=C1N(COC(=O)CCCCCCC)C(=O)C(N1)(c2ccccc2)c3ccccc3,408.498,1,3,10,75.71,-6.523,3-Octanoyloxymethylphenytoin
CCN(=O)=O,75.067,0,0,1,43.14,-0.22,Nitroethane
CCN(CC(C)=C)c1c(cc(cc1N(=O)=O)C(F)(F)F)N(=O)=O,333.266,0,1,6,89.51999999999998,-6.124,Ethalfluralin
Clc1ccc(Cl)c(Cl)c1Cl,215.894,0,1,0,0.0,-4.57,"1,2,3,4-Tetrachlorobenzene"
CCCC(C)(COC(N)=O)COC(N)=O ,218.25299999999996,2,0,6,104.64,-1.807,Meprobamate
CC(=O)C3CCC4C2CC=C1CC(O)CCC1(C)C2CCC34C ,316.48500000000007,1,4,1,37.3,-4.65,pregnenolone
CI,141.939,0,0,0,0.0,-1.0,Iodomethane
CC1CC(C)C(=O)C(C1)C(O)CC2CC(=O)NC(=O)C2 ,281.35200000000003,2,2,3,83.47,-1.13,cycloheximide
O=C1N(COC(=O)CCCCCC)C(=O)C(N1)(c2ccccc2)c3ccccc3,394.471,1,3,9,75.71,-6.301,3-Heptanoyloxymethylphenytoin
CC1=CC(=O)CC(C)(C)C1 ,138.20999999999998,0,1,0,17.07,-1.06,isophorone
O=C1NC(=O)NC(=O)C1(CC)C(C)CC,212.24899999999997,2,1,3,75.27000000000001,-2.39,Butabarbital
CCCCC(=O)CCCC,142.242,0,0,6,17.07,-2.58,5-Nonanone
CCC1(CCC(=O)NC1=O)c2ccccc2 ,217.268,1,2,2,46.17,-2.3369999999999997,Glutethimide
CCC(C)CC,86.178,0,0,2,0.0,-3.68,3-Methylpentane
CCOc1ccc(cc1)C(C)(C)COCc3cccc(Oc2ccccc2)c3,376.496,0,3,9,27.69,-8.6,Etofenprox
Cc1ccccc1n3c(C)nc2ccccc2c3=O,250.301,0,3,1,34.89,-2.925,Methaqualone
ClCC#N,75.498,0,0,0,23.79,-0.092,Chloroacetonitrile
CCOP(=S)(CC)Oc1cc(Cl)c(Cl)cc1Cl,333.60400000000004,0,1,5,18.46,-5.752000000000001,Trichloronate
CC12CCC(=O)C=C1CCC3C2CCC4(C)C3CCC4(O)C#C ,312.45300000000003,1,4,0,37.3,-5.66,Ethisterone
c1ccnnc1,80.08999999999999,0,1,0,25.78,1.1,Pyridazine
Clc1cc(Cl)c(Cl)c(Cl)c1,215.894,0,1,0,0.0,-4.63,"1,2,3,5-Tetrachlorobenzene"
C1C(O)CCC2(C)CC3CCC4(C)C5(C)CC6OCC(C)CC6OC5CC4C3C=C21,414.63000000000017,1,6,0,38.69,-7.32,Diosgenin
Nc1ccccc1O,109.128,2,1,0,46.25,-0.72,o-Aminophenol
CCCCCCCCC(=O)OCC,186.295,0,0,8,26.3,-3.8,Ethyl nonanoate
COCC(=O)N(C(C)C(=O)OC)c1c(C)cccc1C ,279.336,0,1,5,55.84,-1.601,metalaxyl
CNC(=O)Oc1ccccc1OC(C)C,209.245,1,1,3,47.56,-2.05,Propoxur
CCC(C)Cl,92.569,0,0,1,0.0,-1.96,2-Chlorobutane
Oc1ccc2ccccc2c1,144.17299999999997,1,2,0,20.23,-2.28,2-Napthol
CC(C)Oc1cc(c(Cl)cc1Cl)n2nc(oc2=O)C(C)(C)C,345.22600000000017,0,2,3,57.26,-5.696000000000001,Oxadiazon
CCCCC#C,82.14599999999999,0,0,2,0.0,-2.36,1-Hexyne 
CCCCCCCC#C,124.227,0,0,5,0.0,-4.24,1-Nonyne 
Cc1ccccc1Cl,126.586,0,1,0,0.0,-3.52,2-Chlorotoluene
CC(C)OC(C)C,102.177,0,0,2,9.23,-1.1,Diisopropyl ether 
Nc1ccc(cc1)S(=O)(=O)c2ccc(N)cc2,248.307,2,2,2,86.18,-3.094,Dapsone
CNN,46.073,2,0,0,38.05,1.34,Methyl hydrazine
CC#C,40.065000000000005,0,0,0,0.0,-0.41,Propyne
CCOP(=S)(OCC)ON=C(C#N)c1ccccc1,298.304,0,1,7,63.84,-4.862,Phoxim
CCNP(=S)(OC)OC(=CC(=O)OC(C)C)C,281.314,1,0,7,56.790000000000006,-3.408,Propetamphos
C=CC=O,56.064,0,0,1,17.07,0.57,Acrolein
O=c1[nH]cnc2nc[nH]c12 ,136.114,2,2,0,74.43,-2.296,Hypoxanthine
Oc2ccc1ncccc1c2 ,145.161,1,2,0,33.120000000000005,-2.16,6-hydroxyquinoline
Fc1ccccc1,96.10399999999998,0,1,0,0.0,-1.8,Fluorobenzene
CCCCl,78.542,0,0,1,0.0,-1.47,1-Chloropropane
CCOC(=O)C,88.106,0,0,1,26.3,-0.04,Ethyl acetate
CCCC(C)(C)C,100.20499999999998,0,0,1,0.0,-4.36,"2,2-Dimethylpentane"
Cc1cc(C)c(C)c(C)c1C,148.249,0,1,0,0.0,-4.0,Pentamethylbenzene
CC12CCC(CC1)C(C)(C)O2 ,154.253,0,3,0,9.23,-1.64,eucalyptol
CCCCOC(=O)CCCCCCCCC(=O)OCCCC,314.46600000000007,0,0,15,52.60000000000001,-3.896,dibutyl sebacate
Clc1ccc(cc1)c2ccc(Cl)cc2 ,223.102,0,2,1,0.0,-6.56,"4,4'-PCB"
Cc1cccnc1C,107.156,0,1,0,12.89,0.38,"2,3-Dimethylpyridine"
CC(=C)C1CC=C(C)C(=O)C1,150.22099999999998,0,1,1,17.07,-2.06,Carvone
CCOP(=S)(OCC)SCSc1ccc(Cl)cc1,342.875,0,1,8,18.46,-5.736000000000001,Carbophenthion
COc1cc(cc(OC)c1O)C6C2C(COC2=O)C(OC4OC3COC(C)OC3C(O)C4O)c7cc5OCOc5cc67,588.5620000000001,3,7,5,160.83,-3.571,"Etoposide (148-167,25mg/ml)"
c1cc2cccc3c4cccc5cccc(c(c1)c23)c54,252.31599999999997,0,5,0,0.0,-8.804,Perylene
Cc1ccc(cc1N(=O)=O)N(=O)=O,182.135,0,1,2,86.28,-2.82,"2,4-Dinitrotoluene"
c1c(Br)ccc2ccccc12 ,207.07,0,2,0,0.0,-4.4,2-bromonaphthalene
CNC(=O)Oc1cccc(N=CN(C)C)c1,221.26,1,1,3,53.93,-2.34,Formetanate
COc2cnc1ncncc1n2,162.15200000000002,0,2,1,60.790000000000006,-1.139,6-methoxypteridine
Cc3ccnc4N(C1CC1)c2ncccc2C(=O)Nc34 ,266.30400000000003,1,4,1,58.120000000000005,-3.19,nevirapine
CCOP(=S)(OCC)Oc1nc(Cl)n(n1)C(C)C,313.747,0,1,7,58.4,-3.658,Isazofos
CC(=C)C=C,68.11900000000001,0,0,1,0.0,-2.03,"2-Methyl-1,3-Butadiene "
CC(C)=CCCC(O)(C)C=C,154.253,1,0,4,20.23,-1.99,linalool
COP(=S)(OC)Oc1ccc(SC)c(C)c1,278.335,0,1,5,27.69,-4.57,Fenthion
OC1CCCCC1,100.161,1,1,0,20.23,-0.44,Cyclohexanol 
O=C1NC(=O)NC(=O)C1(C)CC=C,182.17899999999997,2,1,2,75.27000000000001,-1.16,5-Allyl-5-methylbarbital
CC34CCC1C(CCC2CC(O)CCC12C)C3CCC4=O,290.447,1,4,0,37.3,-4.16,Epiandrosterone
OCC(O)C(O)C(O)C(O)CO ,182.172,6,0,5,121.38,0.06,mannitol
Cc1ccc(cc1)c2ccccc2,168.239,0,2,1,0.0,-4.62,4-Methylbiphenyl
CCNc1nc(Cl)nc(NC(C)C)n1,215.688,2,1,4,62.73,-3.85,Atrazine
NC(=S)Nc1ccccc1,152.22199999999998,2,1,1,38.05,-1.77,Phenylthiourea
CCCC(=O)CCC,114.188,0,0,4,17.07,-1.3,4-Heptanone
CC(=O)C(C)(C)C,100.161,0,0,0,17.07,-0.72,"3,3-Dimethyl-2-butanone"
Oc1ccc(Cl)cc1,128.558,1,1,0,20.23,-0.7,4-Chlorophenol 
O=C1CCCCC1,98.145,0,1,0,17.07,-0.6,Cyclohexanone
Cc1cccc(N)c1,107.156,1,1,0,26.02,-0.85,m-Methylaniline
ClC(Cl)(Cl)C#N,144.388,0,0,0,23.79,-2.168,Trichloroacetonitrile
CNc2cnn(c1cccc(c1)C(F)(F)F)c(=O)c2Cl,303.67100000000005,1,2,2,46.92,-4.046,norflurazon
CCCCCCCCC(=O)C,156.269,0,0,7,17.07,-3.3,2-Decanone
CCN(CC)c1nc(Cl)nc(NC(C)C)n1,243.742,1,1,5,53.940000000000005,-3.785,Ipazine
CCOC(=O)c1ccc(N)cc1,165.19199999999998,1,1,2,52.32,-2.616,Benzocaine
Clc1ccc(Cl)c(Cl)c1,181.449,0,1,0,0.0,-3.59,"1,2,4-Trichlorobenzene"
Cc3nnc4CN=C(c1ccccc1Cl)c2cc(Cl)ccc2n34,343.2170000000001,0,4,1,43.07,-4.09,Triazolam
Oc1ccccc1O,110.11199999999998,2,1,0,40.46,0.62,"1,2-Benzenediol"
CCN2c1ncccc1N(C)C(=O)c3cccnc23 ,254.293,0,3,1,49.330000000000005,-2.62,Reverse Transcriptase inhibitor 1
CSC,62.137,0,0,0,0.0,-0.45,Dimethyl sulfide
Cc1ccccc1Br,171.03699999999998,0,1,0,0.0,-2.23,2-Bromotoluene
CCOC(=O)N,89.09400000000001,1,0,1,52.32,0.85,O-Ethyl carbamate
CC(=O)OC3(CCC4C2C=C(C)C1=CC(=O)CCC1(C)C2CCC34C)C(C)=O ,384.5160000000002,0,4,2,60.440000000000005,-5.35,megestrol acetate
CC(C)C(O)C(C)C,116.20399999999998,1,0,2,20.23,-1.22,"2,4-Dimethyl-3-pentanol"
c1ccc2ccccc2c1,128.17399999999995,0,2,0,0.0,-3.6,Napthalene
CCNc1ccccc1,121.18299999999996,1,1,2,12.03,-1.7,N-Ethylaniline
O=C1NC(=O)C(N1)(c2ccccc2)c3ccccc3,252.273,2,3,2,58.2,-4.0969999999999995,Phenytoin
Cc1c2ccccc2c(C)c3ccc4ccccc4c13,256.348,0,4,0,0.0,-7.02,"7,12-Dimethylbenz(a)anthracene"
CCOP(=S)(OCC)SC(CCl)N1C(=O)c2ccccc2C1=O,393.85400000000016,0,2,8,55.84,-6.34,Dialifor
COc1ccc(cc1)C(c2ccc(OC)cc2)C(Cl)(Cl)Cl,345.6529999999999,0,2,4,18.46,-6.89,Methoxychlor
Fc1cccc(F)c1C(=O)NC(=O)Nc2cc(Cl)c(F)c(Cl)c2F ,381.1120000000001,2,2,2,58.2,-7.28,TEFLUBENZURON
O=C1N(COC(=O)CCCC)C(=O)C(N1)(c2ccccc2)c3ccccc3,366.417,1,3,7,75.71,-4.678,3-Pentanoyloxymethylphenytoin
CN(C)C(=O)Nc1ccc(Cl)cc1,198.653,1,1,1,32.34,-2.89,Monuron
OC(Cn1cncn1)(c2ccc(F)cc2)c3ccccc3F,301.296,1,3,4,50.94,-3.37,Flutriafol
CC(=O)OCC(=O)C3(O)C(CC4C2CCC1=CC(=O)C=CC1(C)C2(F)C(O)CC34C)OC(C)=O ,478.51300000000026,2,4,4,127.20000000000002,-4.13,triamcinolone diacetate
CCCCBr,137.01999999999998,0,0,2,0.0,-2.37,1-Bromobutane
Brc1cc(Br)c(Br)cc1Br,393.698,0,1,0,0.0,-6.98,"1,2,4,5-Tetrabromobenzene"
CC(C)CC(=O)C,100.161,0,0,2,17.07,-0.74,4-Methyl-2-pentanone
CCSC(=O)N(CC)C1CCCCC1 ,215.3619999999999,0,1,3,20.31,-3.4,cycloate
COc1ccc(Cl)cc1,142.585,0,1,1,9.23,-2.78,4-Chloroanisole
CC1(C)C(C=C(Br)Br)C1C(=O)OC(C#N)c2cccc(Oc3ccccc3)c2,505.20600000000024,0,3,6,59.32000000000001,-8.402000000000001,Deltamethrin
CCC(C)C1(CC=C)C(=O)NC(=O)NC1=O,224.26,2,1,4,75.27000000000001,-2.016,Talbutal
COP(=S)(OC)Oc1ccc(N(=O)=O)c(C)c1,277.238,0,1,5,70.83000000000001,-4.04,Fenitrothion
Ic1cccc2ccccc12,254.07,0,2,0,0.0,-4.55,1-Iodonapthalene
OCC(O)C(O)C(O)C(O)CO,182.172,6,0,5,121.38,1.09,Sorbitol
CCS,62.137,1,0,0,0.0,-0.6,Ethanethiol
ClCC(Cl)Cl,133.405,0,0,1,0.0,-1.48,"1,1,2-Trichloroethane"
CN(C)C(=O)Oc1cc(C)nn1c2ccccc2,245.282,0,2,2,47.36000000000001,-2.09,Pyrolan
NC(=O)c1ccccc1O,137.13799999999998,2,1,1,63.32000000000001,-1.82,o-Hydroxybenzamide
Cc1ccccc1N(=O)=O,137.138,0,1,1,43.14,-2.33,o-Nitrotoluene
O=C1NC(=O)NC(=O)C1(C(C)C)C(C)C,212.249,2,1,2,75.27000000000001,-2.766,"5,5-Diisopropylbarbital"
CCc1ccccc1C,120.19499999999996,0,1,1,0.0,-3.21,2-Ethyltoluene
CCCCCCCCl,134.65,0,0,5,0.0,-4.0,1-Chloroheptane
O=C1NC(=O)NC(=O)C1(CC)CC,184.19499999999996,2,1,2,75.27000000000001,-2.4,Barbital
C(Cc1ccccc1)c2ccccc2,182.266,0,2,3,0.0,-4.62,Bibenzyl 
ClC(Cl)C(Cl)Cl,167.85,0,0,1,0.0,-1.74,"1,1,2,2-Tetrachloroethane"
CCN2c1cc(OC)cc(C)c1NC(=O)c3cccnc23 ,283.331,1,3,2,54.46,-5.153,RTI 23
Cc1ccc2c(ccc3ccccc32)c1,192.261,0,3,0,0.0,-5.84,2-Methylphenanthrene
CCCCOC(=O)c1ccccc1C(=O)OCCCC ,278.348,0,1,8,52.60000000000001,-4.4,dibutylphthalate
COc1c(O)c(Cl)c(Cl)c(Cl)c1Cl ,261.919,1,1,1,29.46,-4.02,tetrachloroguaiacol
CCN(CC)C(=O)C(=CCOP(=O)(OC)OC)Cl,299.6909999999999,0,0,8,65.07000000000001,0.523,Dimecron
CC34CCC1C(=CCc2cc(O)ccc12)C3CCC4=O,268.356,1,4,0,37.3,-5.282,Equilin
CCOC(=O)c1ccccc1S(=O)(=O)NN(C=O)c2nc(Cl)cc(OC)n2,414.82700000000017,1,2,8,127.79,-4.5760000000000005,Chlorimuron-ethyl (ph 7)
COc1ccc(cc1)N(=O)=O,153.13699999999997,0,1,2,52.37,-2.41,p-Nitroanisole
CCCCCCCl,120.623,0,0,4,0.0,-3.12,1-Chlorohexane
Clc1cc(c(Cl)c(Cl)c1Cl)c2cc(Cl)c(Cl)c(Cl)c2Cl,429.77200000000016,0,2,1,0.0,-9.16,"2,2',3,3',4,4',5,5'-PCB"
OCC1OC(CO)(OC2OC(COC3OC(CO)C(O)C(O)C3O)C(O)C(O)C2O)C(O)C1O,504.4380000000001,11,3,8,268.67999999999995,-0.41,Raffinose
CCCCCCCCCCCCCCCCCCCCCCCCCC,366.7180000000002,0,0,23,0.0,-8.334,hexacosane
CCN2c1ccccc1N(C)C(=O)c3cccnc23 ,253.30499999999995,0,3,1,36.44,-3.324,RTI 5
CC(Cl)Cl,98.96,0,0,0,0.0,-1.29,"1,1-Dichloroethane"
Nc1ccc(cc1)S(N)(=O)=O,172.20899999999995,2,1,1,86.18,-1.34,Sulfanilamide
CCCN(CCC)c1c(cc(cc1N(=O)=O)C(C)C)N(=O)=O,309.36600000000004,0,1,8,89.51999999999998,-6.49,Isopropalin
ClC1C(Cl)C(Cl)C(Cl)C(Cl)C1Cl,290.832,0,1,0,0.0,-4.64,Lindane
CCOP(=S)(NC(C)C)Oc1ccccc1C(=O)OC(C)C,345.4010000000002,1,1,8,56.790000000000006,-4.194,Isofenphos
Clc1cccc(Cl)c1Cl,181.449,0,1,0,0.0,-4.0,"1,2,3-Trichlorobenzene"
ClC(Cl)(Cl)Cl,153.823,0,0,0,0.0,-2.31,Tetrachloromethane
O=N(=O)c1cc(Cl)c(Cl)cc1,192.001,0,1,1,43.14,-3.2,"3,4-Dichloronitrobenzene"
OC1CCCCCCC1,128.215,1,1,0,20.23,-1.29,Cyclooctanol
CC1(O)CCC2C3CCC4=CC(=O)CCC4(C)C3CCC21C,302.4580000000001,1,4,0,37.3,-3.999,17a-Methyltestosterone
CCOc1ccc(NC(N)=O)cc1,180.20699999999997,2,1,3,64.35,-2.17,Dulcin
C/C1CCC(\C)CC1,112.216,0,1,0,0.0,-4.47,"trans-1,4-Dimethylcyclohexane"
c1cnc2c(c1)ccc3ncccc23,180.21,0,3,0,25.78,-2.68,"1,7-phenantroline"
COC(C)(C)C,88.14999999999999,0,0,0,9.23,-0.24,Methyl t-butyl ether 
COc1ccc(C=CC)cc1,148.20499999999998,0,1,2,9.23,-3.13,Anethole
CCCCCCCCCCCCCCCCO,242.44699999999992,1,0,14,20.23,-7.0,1-Hexadecanol
O=c1cc[nH]c(=O)[nH]1 ,112.088,2,1,0,65.72,-1.4880000000000002,uracil
Nc1ncnc2nc[nH]c12 ,135.13,2,2,0,80.47999999999999,-2.12,adenine
Clc1cc(Cl)c(cc1Cl)c2cccc(Cl)c2Cl ,326.437,0,2,1,0.0,-7.21,"2,2',3,4,5-PCB"
COc1ccc(cc1)C(O)(C2CC2)c3cncnc3 ,256.30499999999995,1,3,4,55.24,-2.596,Ancymidol
c1ccc2c(c1)c3cccc4c3c2cc5ccccc54,252.31599999999997,0,5,0,0.0,-8.23,Benzo(b)fluoranthene
O=C(Nc1ccccc1)Nc2ccccc2,212.252,2,2,2,41.13,-3.15,Carbanilide
CCC1(C(=O)NC(=O)NC1=O)c2ccccc2 ,232.239,2,2,2,75.27000000000001,-2.322,phenobarbital
Clc1ccc(cc1)c2cccc(Cl)c2Cl ,257.547,0,2,1,0.0,-6.29,"2',3,4-PCB"
CC(C)c1ccc(NC(=O)N(C)C)cc1,206.289,1,1,2,32.34,-3.536,Isoproturon
CCN(CC)C(=O)CSc1ccc(Cl)nn1,259.762,0,1,5,46.09,-1.716,Azintamide
CCC(C)(C)CO,102.17699999999998,1,0,2,20.23,-1.04,"2,2-Dimethyl-1-butanol"
CCCOC(=O)CCC,130.18699999999998,0,0,4,26.3,-1.75,Ethyl pentanoate
Cc1c(cc(cc1N(=O)=O)N(=O)=O)N(=O)=O,227.132,0,1,3,129.42000000000002,-3.22,"2,4,6-Trinitrotoluene"
CC(C)OP(=S)(OC(C)C)SCCNS(=O)(=O)c1ccccc1,397.52400000000006,1,1,10,64.63,-4.2,Bensulide
C1CCCCCC1,98.189,0,1,0,0.0,-3.51,Cycloheptane
CCCOC=O,88.10599999999998,0,0,3,26.3,-0.49,Propyl formate
CC(C)c1ccccc1C,134.22199999999995,0,1,1,0.0,-3.76,2-Isopropyltoluene
Nc1cccc(Cl)c1,127.574,1,1,0,26.02,-1.37,m-Chloroaniline
CC(C)CC(C)C,100.20499999999998,0,0,2,0.0,-4.26,"2,4-Dimethylpentane"
o1c2ccccc2c3ccccc13,168.195,0,3,0,13.14,-4.6,Dibenzofurane
CCOC2Oc1ccc(OS(C)(=O)=O)cc1C2(C)C,286.34900000000005,0,2,4,61.830000000000005,-3.42,ethofumesate
CN(C)C(=O)Nc1cccc(c1)C(F)(F)F,232.20499999999996,1,1,1,32.34,-3.43,Fluometuron
c3ccc2nc1ccccc1cc2c3,179.22199999999998,0,3,0,12.89,-3.67,Acridine
CC12CC(=O)C3C(CCC4=CC(=O)CCC34C)C2CCC1(O)C(=O)CO,360.45000000000016,2,4,2,91.67,-3.11,Cortisone
OCC1OC(O)C(O)C(O)C1O,180.156,5,1,1,110.38,0.74,glucose
Cc1cccc(O)c1,108.14,1,1,0,20.23,-0.68,3-Methylphenol
CC2Cc1ccccc1N2NC(=O)c3ccc(Cl)c(c3)S(N)(=O)=O ,365.842,2,3,3,92.5,-3.5860000000000003,Indapamide
CCC(C)C(=O)OC2CC(C)C=C3C=CC(C)C(CCC1CC(O)CC(=O)O1)C23 ,404.54700000000025,1,3,6,72.83,-6.005,Lovastatin
O=N(=O)c1ccc(cc1)N(=O)=O,168.10799999999995,0,1,2,86.28,-3.39,"1,4-Dinitrobenzene"
CCC1(C(=O)NC(=O)NC1=O)C2=CCC3CCC2C3,262.30899999999997,2,3,2,75.27000000000001,-2.696,Reposal
CCCCCCCCCC(=O)OCC,200.32199999999995,0,0,9,26.3,-4.1,Ethyl decanoate
CN(C)C(=O)Nc1ccccc1,164.208,1,1,1,32.34,-1.6,Fenuron
CCCOCC,88.14999999999999,0,0,3,9.23,-0.66,Ethyl propyl ether
CC(C)O,60.096,1,0,0,20.23,0.43,2-Propanol
Cc1ccc2ccccc2c1,142.201,0,2,0,0.0,-3.77,2-Methylnapthalene
ClC(Br)Br,208.28,0,0,0,0.0,-1.9,Chlorodibromethane
CCC(C(CC)c1ccc(O)cc1)c2ccc(O)cc2,270.372,2,2,5,40.46,-4.43,Hexestrol
CCOC(=O)CC(SP(=S)(OC)OC)C(=O)OCC,330.3640000000001,0,0,9,71.06,-3.37,Malathion
ClCc1ccccc1,126.58599999999996,0,1,1,0.0,-2.39,Benzylchloride
C/C=C/C=O,70.09100000000001,0,0,1,17.07,0.32,t-Crotonaldehyde
CON(C)C(=O)Nc1ccc(Br)c(Cl)c1,293.548,1,1,2,41.57,-3.924,Chlorbromuron
Cc1c2ccccc2c(C)c3ccccc13,206.288,0,3,0,0.0,-6.57,"9,10-Dimethylanthracene"
CCCCCC(=O)OC,130.18699999999998,0,0,4,26.3,-1.87,Methyl hexanoate
CN(C)C(=O)Nc1ccc(c(Cl)c1)n2nc(oc2=O)C(C)(C)C,338.79500000000013,1,2,2,80.37,-4.328,Dimefuron
CC(=O)Nc1ccc(F)cc1,153.156,1,1,1,29.1,-1.78,p-Fluoroacetanilide
CCc1cccc(CC)c1N(COC)C(=O)CCl ,269.77199999999993,0,1,6,29.54,-3.26,alachlor
C1CCC=CC1,82.146,0,1,0,0.0,-2.59,Cyclohexene
CC12CC(O)C3C(CCC4=CC(=O)CCC34C)C2CCC1(O)C(=O)CO,362.4660000000002,3,4,2,94.83,-3.09,Hydrocortisone 
c1cncnc1,80.08999999999999,0,1,0,25.78,1.1,Pyrimidine
Clc1ccc(cc1)N(=O)=O,157.55599999999998,0,1,1,43.14,-2.92,p-Chloronitrobenzene
CCC(=O)OC,88.106,0,0,1,26.3,-0.14,Methyl propionate
Clc1ccccc1N(=O)=O,157.55599999999998,0,1,1,43.14,-2.55,o-Chloronitrobenzene
CCCCN(C)C(=O)Nc1ccc(Cl)c(Cl)c1,275.179,1,1,4,32.34,-4.77,Neburon
CN1CC(O)N(C1=O)c2nnc(s2)C(C)(C)C,256.33099999999996,1,2,1,69.56,-1.877,Buthidazole
O=N(=O)c1ccccc1,123.11099999999996,0,1,1,43.14,-1.8,Nitrobenzene
Ic1ccccc1,204.01,0,1,0,0.0,-3.01,Iodobenzene
CC2Nc1cc(Cl)c(cc1C(=O)N2c3ccccc3C)S(N)(=O)=O ,365.8420000000001,2,3,2,92.5,-3.78,Metolazone
COc1ccccc1OCC(O)COC(N)=O,241.2429999999999,2,1,6,91.01,-0.985,Methocarbamol
CCCCOCN(C(=O)CCl)c1c(CC)cccc1CC ,311.85300000000007,0,1,9,29.54,-4.19,butachlor
Oc1cccc(Cl)c1Cl,163.003,1,1,0,20.23,-1.3,"2,3-Dichlorophenol"
CCCC(=O)OC,102.13299999999998,0,0,2,26.3,-1.92,Propyl butyrate
CCC(=O)Nc1ccc(Cl)c(Cl)c1,218.08299999999997,1,1,2,29.1,-3.0,Propanil
Nc3nc(N)c2nc(c1ccccc1)c(N)nc2n3,253.26900000000003,3,3,1,129.62,-2.404,Triamterene
CCCCCC(=O)OCC,144.21399999999997,0,0,5,26.3,-2.35,Ethyl hexanoate
OCC(O)C2OC1OC(OC1C2O)C(Cl)(Cl)Cl ,309.529,3,2,2,88.38000000000001,-1.84,chloralose
CN(C=Nc1ccc(C)cc1C)C=Nc2ccc(C)cc2C,293.41400000000004,0,2,4,27.96,-5.47,Amitraz
COc1nc(NC(C)C)nc(NC(C)C)n1,225.296,2,1,5,71.96000000000001,-2.478,Prometon
CCCCCCC=C,112.216,0,0,5,0.0,-4.44,1-Octene 
Cc1ccc(N)cc1,107.156,1,1,0,26.02,-1.21,p-Methylaniline 
Nc1nccs1 ,100.146,1,1,0,38.91,-0.36,aminothiazole
c1ccccc1(OC(=O)NC),151.165,1,1,1,38.33,-1.803,Metolcarb
CCCC(O)CC,102.177,1,0,3,20.23,-0.8,3-Hexanol
c3ccc2c(O)c1ccccc1cc2c3 ,194.233,1,3,0,20.23,-4.73,9-anthrol
Cc1ccc2cc3ccccc3cc2c1,192.261,0,3,0,0.0,-6.96,2-Methylanthracene
Cc1cccc(C)c1C,120.195,0,1,0,0.0,-3.2,"1,2,3-Trimethylbenzene "
CNC(=O)Oc1ccc(N(C)C)c(C)c1,208.26099999999997,1,1,2,41.57,-2.36,Aminocarb
CCCCCCCC(C)O,144.258,1,0,6,20.23,-2.74,2-Nonanol
CN(C(=O)NC(C)(C)c1ccccc1)c2ccccc2,268.36,1,2,3,32.34,-3.35,Methyldymron
CCCC(=O)CC,100.161,0,0,3,17.07,-0.83,3-Hexanone
Oc1c(Br)cc(C#N)cc1Br ,276.91499999999996,1,1,0,44.02,-3.33,bromoxynil
Clc1ccc(cc1Cl)c2ccccc2 ,223.102,0,2,1,0.0,-6.39,"3,4-PCB"
CN(C(=O)COc1nc2ccccc2s1)c3ccccc3,298.367,0,3,4,42.43000000000001,-4.873,Mefenacet
Oc1cccc2ncccc12 ,145.161,1,2,0,33.120000000000005,-2.54,5-hydroxyquinoline
CC1=C(SCCO1)C(=O)Nc2ccccc2,235.308,1,2,2,38.33,-3.14,Carboxin
CCOc2ccc1nc(sc1c2)S(N)(=O)=O ,258.324,1,2,3,82.28,-3.81,Ethoxyzolamide
Oc1c(Cl)c(Cl)c(Cl)c(Cl)c1Cl,266.33799999999997,1,1,0,20.23,-4.28,Pentachlorophenol
ClCBr,129.384,0,0,0,0.0,-0.89,Bromochloromethane
CCC1(CC)C(=O)NC(=O)N(C)C1=O ,198.222,1,1,2,66.48,-2.23,metharbital
CC(=O)OCC(=O)C3CCC4C2CCC1=CC(=O)CCC1(C)C2CCC34C ,372.5050000000002,0,4,3,60.440000000000005,-4.63,deoxycorticosterone acetate
NC(=O)NCc1ccccc1 ,150.18099999999998,2,1,2,55.120000000000005,-0.95,benzylurea
CN(C)C(=O)Nc1ccc(C)c(Cl)c1,212.68,1,1,1,32.34,-3.483,Chlortoluron
CON(C)C(=O)Nc1ccc(Cl)c(Cl)c1,249.097,1,1,2,41.57,-3.592,Linuron
OC1CCCCCC1,114.188,1,1,0,20.23,-0.88,Cycloheptanol
CS(=O)(=O)c1ccc(cc1)C(O)C(CO)NC(=O)C(Cl)Cl ,356.2270000000001,3,1,6,103.70000000000002,-2.154,Thiamphenicol
CCCC(C)C1(CC)C(=O)NC(=S)NC1=O ,242.344,2,1,4,58.2,-3.36,thiopental
CC(=O)Nc1nnc(s1)S(N)(=O)=O ,222.251,2,1,2,115.04,-2.36,acetazolamide
Oc1ccc(cc1)N(=O)=O,139.11,1,1,1,63.37,-0.74,p-Nitrophenol
ClC1=C(Cl)C2(Cl)C3C4CC(C=C4)C3C1(Cl)C2(Cl)Cl,364.914,0,4,0,0.0,-6.307,Aldrin
C1CCOC1,72.107,0,1,0,9.23,0.49,Tetrahydrofurane 
Nc1ccccc1N(=O)=O,138.126,1,1,1,69.16,-1.96,o-Nitroaniline
Clc1cccc(c1Cl)c2cccc(Cl)c2Cl,291.99199999999996,0,2,1,0.0,-7.28,"2,2',3,3'-PCB"
CCCCC1C(=O)N(N(C1=O)c2ccccc2)c3ccccc3 ,308.38100000000003,0,3,5,40.620000000000005,-3.81,phenylbutazone
Cc1c(cccc1N(=O)=O)N(=O)=O,182.135,0,1,2,86.28,-3.0,"2,6-Dinitrotoluene"
CC(=O)C1CCC2C3CCC4=CC(=O)CCC4(C)C3CCC12C,314.46900000000005,0,4,1,34.14,-4.42,Progesterone
CCN(CC)c1nc(Cl)nc(n1)N(CC)CC,257.76899999999995,0,1,6,45.150000000000006,-4.4110000000000005,Chlorazine
ClC(Cl)C(Cl)(Cl)SN2C(=O)C1CC=CCC1C2=O ,349.06600000000014,0,2,3,37.38,-5.4,captafol
c1(Br)c(Br)cc(Br)cc1,314.802,0,1,0,0.0,-4.5,"1,2,4-tribromobenzene"
OC3N=C(c1ccccc1)c2cc(Cl)ccc2NC3=O ,286.718,2,3,1,61.690000000000005,-3.952,Oxazepam
O=C1NC(=O)NC(=O)C1(C(C)CCC)CC=C,238.28699999999995,2,1,5,75.27000000000001,-2.356,Secobarbital
c1(O)c(C)ccc(C(C)C)c1,150.22099999999998,1,1,1,20.23,-2.08,Carvacrol
C1SC(=S)NC1(=O),133.197,1,1,0,29.1,-1.77,rhodanine
Oc1ccc(c(O)c1)c3oc2cc(O)cc(O)c2c(=O)c3O ,302.23800000000006,5,3,1,131.36,-3.083,Morin
ClC1(C(=O)C2(Cl)C3(Cl)C14Cl)C5(Cl)C2(Cl)C3(Cl)C(Cl)(Cl)C45Cl,490.6390000000001,0,6,0,17.07,-5.2589999999999995,Kepone
CCN(CC)C(=S)SSC(=S)N(CC)CC,296.5520000000001,0,0,4,6.48,-4.86,Disulfiram
C1CCCCC1,84.162,0,1,0,0.0,-3.1,Cyclohexane
ClC1=C(Cl)C(Cl)(C(=C1Cl)Cl)C2(Cl)C(=C(Cl)C(=C2Cl)Cl)Cl,474.64,0,2,1,0.0,-7.278,Dienochlor
CN(C)C=Nc1ccc(Cl)cc1C,196.681,0,1,2,15.6,-2.86,chlordimeform
CC34CCc1c(ccc2cc(O)ccc12)C3CCC4=O,266.34,1,4,0,37.3,-5.24,Equilenin
CCCCCCCCO,130.23100000000002,1,0,6,20.23,-2.39,1-Octanol
CCSCC,90.191,0,0,2,0.0,-1.34,Diethyl sulfide
ClCCCl,98.96,0,0,1,0.0,-1.06,"1,2-Dichloroethane"
CCC(C)(C)Cl,106.596,0,0,1,0.0,-2.51,2-Chloro-2-methylbutane
ClCCBr,143.411,0,0,1,0.0,-1.32,1-Chloro-2-bromoethane
Nc1ccc(cc1)N(=O)=O,138.126,1,1,1,69.16,-2.37,p-Nitroaniline
OCC1OC(OC2C(O)C(O)C(O)OC2CO)C(O)C(O)C1O,342.297,8,2,4,189.52999999999997,-0.244,Lactose
CCN2c1ncccc1N(CC)C(=O)c3cccnc23 ,268.32,0,3,2,49.330000000000005,-2.86,RTI 2
Clc1ccccc1,112.55899999999995,0,1,0,0.0,-2.38,Chlorobenzene
CCCCCCCC=C,126.243,0,0,6,0.0,-5.05,1-Nonene 
Brc1ccc(I)cc1,282.90599999999995,0,1,0,0.0,-4.56,p-Bromoiodobenzene
CCC(C)(O)CC,102.17699999999998,1,0,2,20.23,-0.36,3-Methyl-3-pentanol
CCCCCc1ccccc1,148.249,0,1,4,0.0,-4.64,Pentylbenzene
NC(=O)NC1NC(=O)NC1=O ,158.117,4,1,1,113.32,-1.6,allantoin
OCC(O)COC(=O)c1ccccc1Nc2ccnc3cc(Cl)ccc23,372.80800000000016,3,3,6,91.68,-4.571000000000001,Glafenine
ClC(Cl)C(c1ccc(Cl)cc1)c2ccc(Cl)cc2,320.04600000000005,0,2,3,0.0,-7.2,DDD
CC(=O)OC3CCC4C2CCC1=CC(=O)CCC1(C)C2CCC34C ,330.4680000000001,0,4,1,43.370000000000005,-5.184,testosterone acetate
Clc1cccc2ccccc12,162.61899999999997,0,2,0,0.0,-3.93,1-Chloronapthalene
CCN2c1ccccc1N(C)C(=O)c3ccccc23 ,252.31699999999995,0,3,1,23.55,-4.749,RTI 19
CCCCC(C)O,102.17699999999998,1,0,3,20.23,-0.89,2-Hexanol
CCCC1CCCC1,112.216,0,1,2,0.0,-4.74,Propylcyclopentane
CCOC(=O)c1cncn1C(C)c2ccccc2,244.294,0,2,4,44.12,-4.735,Etomidate
Oc1ccc(Cl)c(Cl)c1,163.003,1,1,0,20.23,-1.25,"3,4-Dichlorophenol"
CC1(C)C(C=C(Cl)Cl)C1C(=O)OC(C#N)c2cccc(Oc3ccccc3)c2,416.30400000000014,0,3,6,59.32000000000001,-8.017000000000001,Cypermethrin
c2ccc1ocnc1c2,119.12299999999998,0,2,0,26.03,-1.16,Benzoxazole
CCCCCO,88.14999999999999,1,0,3,20.23,-0.6,1-Pentanol
CCN(CC)c1ccccc1,149.237,0,1,3,3.24,-3.03,"N,N-Diethylaniline"
Fc1cccc(F)c1,114.094,0,1,0,0.0,-2.0,"1,3-Difluorobenzene"
ClCCC#N ,89.525,0,0,1,23.79,-0.29,3-chloropropionitrile
CC(C)(C)Cc1ccccc1,148.249,0,1,1,0.0,-4.15,t-Pentylbenzene
O=C1NC(=O)NC(=O)C1(CC)c1ccccc1,232.239,2,2,2,75.27000000000001,-2.322,5-Ethyl-5-phenylbarbital
Clc1ccccc1I,238.455,0,1,0,0.0,-3.54,o-Chloroiodobenzene
c2ccc1[nH]nnc1c2,119.127,1,2,0,41.57,-0.78,Benzotriazole
CNC(=O)Oc1cccc2CC(C)(C)Oc12,221.25599999999991,1,2,1,47.56,-2.8,Carbofuran
Cc1cccc(C)c1O,122.167,1,1,0,20.23,-1.29,"2,6-Dimethylphenol"
CC(C)C(C)O,88.14999999999999,1,0,1,20.23,-0.18,3-Methyl-2-butanol
c1ccccc1C(O)c2ccccc2,184.238,1,2,2,20.23,-2.55,benzhydrol
CCCCCCCCCC(=O)OC,186.295,0,0,8,26.3,-4.69,Methyl decanoate
COP(=S)(OC)Oc1ccc(cc1Cl)N(=O)=O,297.656,0,1,5,70.83000000000001,-4.31,Dicapthon
CC(C)CBr,137.01999999999998,0,0,1,0.0,-2.43,1-Bromo-2-methylpropane
CCI,155.966,0,0,0,0.0,-1.6,Iodoethane
CN(C)C(=O)Oc1nc(nc(C)c1C)N(C)C,238.29099999999997,0,1,2,58.56000000000001,-1.95,Pirimicarb
CCCCCCBr,165.074,0,0,4,0.0,-3.81,1-Bromohexane
CCCC(C)C,86.178,0,0,2,0.0,-3.74,2-Methylpentane
Cc1c(F)c(F)c(COC(=O)C2C(C=C(Cl)C(F)(F)F)C2(C)C)c(F)c1F,418.7360000000001,0,2,4,26.3,-7.321000000000001,Tetrafluthrin
CCc1cccc(C)c1N(C(C)COC)C(=O)CCl ,283.7989999999999,0,1,6,29.54,-2.73,Metolachlor
ON=Cc1ccc(o1)N(=O)=O ,156.09699999999998,1,1,2,88.87,-2.19,nifuroxime
CC(C)C(Nc1ccc(cc1Cl)C(F)(F)F)C(=O)OC(C#N)c2cccc(Oc3ccccc3)c2,502.9200000000002,1,3,8,71.35,-8.003,Fluvalinate
Nc1nc[nH]n1,84.082,2,1,0,67.59,0.522,Amitrole
BrC(Br)Br,252.731,0,0,0,0.0,-1.91,Tribromomethane
COP(=O)(OC)C(O)C(Cl)(Cl)Cl,257.437,1,0,3,55.760000000000005,-0.22,Trichlorfon
CCOP(=S)(OCC)SCn1c(=O)oc2cc(Cl)ccc12,367.8160000000001,0,2,7,53.6,-5.233,Phosalone
OCc1ccccc1,108.13999999999996,1,1,1,20.23,-0.4,Phenylmethanol
O=c2c(C3CCCc4ccccc43)c(O)c1ccccc1o2 ,292.33400000000006,1,4,1,50.44,-2.84,Coumatetralyl
Oc1ccc(Br)cc1,173.009,1,1,0,20.23,-1.09,4-Bromophenol
CC(C)Br,122.993,0,0,0,0.0,-1.59,2-Bromopropane
CC(C)CC(C)(C)C,114.232,0,0,1,0.0,-4.74,"2,2,4-Trimethylpentane"
O=N(=O)c1cc(cc(c1)N(=O)=O)N(=O)=O,213.10499999999996,0,1,3,129.42000000000002,-2.89,"1,3,5-Trinitrobenzene"
CN2C(=O)CN=C(c1ccccc1)c3cc(ccc23)N(=O)=O,295.29800000000006,0,3,2,75.81,-3.796,Nimetazepam
CCC,44.096999999999994,0,0,0,0.0,-1.94,Propane
Nc1cc(nc(N)n1=O)N2CCCCC2 ,209.25299999999996,2,2,1,95.11,-1.989,Minoxidil
Nc2cccc3nc1ccccc1cc23 ,194.237,1,3,0,38.91,-4.22,1-aminoacridine
c1ccc2cc3c4cccc5cccc(c3cc2c1)c45,252.31599999999997,0,5,0,0.0,-8.49,Benzo(k)fluoranthene
OC(c1ccc(Cl)cc1)(c2ccc(Cl)cc2)C(Cl)(Cl)Cl,370.49,1,2,2,20.23,-5.666,Dicofol
C1Cc2cccc3cccc1c23,154.21199999999996,0,3,0,0.0,-4.63,Acenapthene
CCOP(=S)(OCC)SC(CCl)N2C(=O)c1ccccc1C2=O,393.85400000000016,0,2,8,55.84,-6.34,Dialifos
Brc1ccc(Br)cc1,235.906,0,1,0,0.0,-4.07,"1,4-Dibromobenzene"
Cn2c(=O)on(c1ccc(Cl)c(Cl)c1)c2=O,261.064,0,2,1,57.14,-2.82,Methazole
Oc1ccc(cc1)c2ccccc2,170.211,1,2,1,20.23,-3.48,p-Phenylphenol
CC1=C(CCCO1)C(=O)Nc2ccccc2 ,217.26800000000003,1,2,2,38.33,-2.56,pyracarbolid
CCOC=C,72.10700000000001,0,0,2,9.23,-0.85,Ethyl vinyl ether
CCC#C,54.09199999999999,0,0,0,0.0,-1.24,1-Butyne
COc1ncnc2nccnc12 ,162.15200000000002,0,2,1,60.790000000000006,-1.11,4-methoxypteridine
CCCCC(C)(O)CC,130.23099999999997,1,0,4,20.23,-1.6,3-Methyl-3-heptanol
Clc1ccc(Cl)cc1,147.00400000000002,0,1,0,0.0,-3.27,"1,4-Dichlorobenzene"
O=C1N(COC(=O)C)C(=O)C(N1)(c2ccccc2)c3ccccc3,324.33600000000007,1,3,4,75.71,-4.47,3-Ethanoyloxymethylphenytoin
CSCS(=O)CC(CO)NC(=O)C=Cc1c(C)[nH]c(=O)[nH]c1=O,361.4450000000001,4,1,8,132.11999999999998,-1.981,"Sparsomycin (3,8mg/ml)"
Cc1c[nH]c2ccccc12 ,131.17799999999997,1,2,0,15.79,-2.42,3-methylindole
COc2ncc1nccnc1n2,162.152,0,2,1,60.790000000000006,-1.11,2-methoxypteridine
CNC(=O)Oc1ccccc1C2OCCO2,223.22799999999995,1,2,2,56.790000000000006,-1.57,Dioxacarb
C1N(C(=O)NCC(C)C)C(=O)NC1,185.227,2,1,2,61.440000000000005,-2.15,isocarbamid
CC#N,41.053,0,0,0,23.79,0.26,Acetonitrile
CCOC(=O)NCCOc2ccc(Oc1ccccc1)cc2,301.34200000000004,1,2,7,56.790000000000006,-4.7,Fenoxycarb
CC(=O)N(S(=O)c1ccc(N)cc1)c2onc(C)c2C ,293.34800000000007,1,2,3,89.43,-3.59,acetyl sulfisoxazole
ClCC(Cl)(Cl)Cl,167.85,0,0,0,0.0,-2.18,"1,1,1,2-Tetrachloroethane"
CCCCO,74.12299999999999,1,0,2,20.23,0.0,1-Butanol
CC1CCCCC1NC(=O)Nc2ccccc2,232.32700000000003,2,2,2,41.13,-4.11,Siduron
Clc1cc(Cl)cc(Cl)c1,181.449,0,1,0,0.0,-4.48,"1,3,5-Trichlorobenzene"
O=Cc1ccco1,96.08499999999998,0,1,1,30.21,-0.1,Furfural
CC(C)CCO,88.14999999999999,1,0,2,20.23,-0.51,3-Methylbutan-1-ol
O=Cc2ccc1OCOc1c2 ,150.13299999999998,0,2,1,35.53,-1.63,piperonal
CC(=C)C,56.108,0,0,0,0.0,-2.33,2-Methylpropene
O=Cc1ccccc1,106.12399999999997,0,1,1,17.07,-1.19,Benzaldehyde
CC(=C)C(=C)C,82.146,0,0,1,0.0,-2.4,"2,3-Dimethyl-1,3-Butadiene"
CCOC(=O)CCN(SN(C)C(=O)Oc1cccc2CC(C)(C)Oc21)C(C)C,410.53600000000023,0,2,8,68.31,-4.71,Benfuracarb
O2c1ccccc1N(C)C(=O)c3cccnc23 ,226.235,0,3,0,42.43,-3.672,RTI 10
C1c2ccccc2c3ccccc13,166.22299999999998,0,3,0,0.0,-5.0,Fluorene 
CC1CCCCC1,98.189,0,1,0,0.0,-3.85,Methylcyclohexane 
NC(=N)NS(=O)(=O)c1ccc(N)cc1 ,214.25,4,1,2,122.06,-1.99,sulfaguanidine
COC(=O)c1ccc(O)cc1,152.149,1,1,1,46.53,-1.827,Methylparaben
CC1CCCO1,86.134,0,1,0,9.23,0.11,2-Methyltetrahydrofurane
CC3C2CCC1(C)C=CC(=O)C(=C1C2OC3=O)C,246.30599999999995,0,3,0,43.370000000000005,-3.09,Santonin
OCC2OC(Oc1ccccc1CO)C(O)C(O)C2O,286.28,5,2,4,119.61,-0.85,Salicin
CCCI,169.993,0,0,1,0.0,-2.29,1-Iodopropane
CCNc1nc(NC(C)C)nc(SC)n1,227.337,2,1,5,62.73,-3.04,Ametryn
CCCO,60.096,1,0,1,20.23,0.62,1-Propanol
CC(=O)C1(O)CCC2C3CCC4=CC(=O)CCC4(C)C3CCC21C,330.4680000000001,1,4,1,54.37,-3.817,Hydroxyprogesterone-17a
CCCC(C)O,88.14999999999999,1,0,2,20.23,-0.29,2-Pentanol
OC(C(=O)c1ccccc1)c2ccccc2,212.248,1,2,3,37.3,-2.85,benzoin
Cc1ccc(O)c(C)c1,122.167,1,1,0,20.23,-1.19,"2,4-Dimethylphenol"
Clc1cccc(c1)N(=O)=O,157.55599999999998,0,1,1,43.14,-2.77,m-Chloronitrobenzene 
Cc2c(N)c(=O)n(c1ccccc1)n2C,203.245,1,2,1,52.95,-0.624,ampyrone
Clc1ccc(c(Cl)c1)c2cc(Cl)ccc2Cl ,291.99199999999996,0,2,1,0.0,-6.57,"2,2',4,5'-PCB"
ClC(=C(Cl)C(=C(Cl)Cl)Cl)Cl,260.762,0,0,1,0.0,-4.92,"Hexachloro-1,3-butadiene"
CCNc1nc(NC(C)(C)C)nc(SC)n1,241.364,2,1,4,62.73,-4.0,Terbutryn
CCC(C)CCO,102.177,1,0,3,20.23,-0.71,3-Methyl-2-pentanol
Cc2ncc1nccnc1n2,146.153,0,2,0,51.56,-0.12,2-methylpteridine
CC23Cc1cnoc1C=C2CCC4C3CCC5(C)C4CCC5(O)C#C,337.4630000000001,1,5,0,46.260000000000005,-5.507000000000001,Danazol
CCCCI,184.02,0,0,2,0.0,-2.96,1-Iodobutane
Brc1ccc2ccccc2c1,207.07,0,2,0,0.0,-4.4,2-Bromonapthalene
CC1OC(CC(O)C1O)OC2C(O)CC(OC2C)OC8C(O)CC(OC7CCC3(C)C(CCC4C3CC(O)C5(C)C(CCC45O)C6=CC(=O)OC6)C7)OC8C ,780.9490000000001,6,8,7,203.05999999999997,-4.081,"Digoxin (L1=41,8mg/mL, L2=68,2mg/mL, Z=40,1mg/mL)"
FC(F)(F)c1ccccc1,146.111,0,1,0,0.0,-2.51,Benzyltrifluoride
CCCCCCOC(=O)c1ccccc1C(=O)OCCCCCC,334.45600000000024,0,1,12,52.60000000000001,-6.144,Dihexyl phthalate
c1ccc2c(c1)sc3ccccc23,184.263,0,3,0,0.0,-4.38,Dibenzothiophene
Clc1ccc(c(Cl)c1)c2ccc(Cl)c(Cl)c2Cl ,326.437,0,2,1,0.0,-7.8,"2,3',4,4'-PCB"
Clc1ccc(c(Cl)c1Cl)c2ccc(Cl)c(Cl)c2Cl ,360.88200000000006,0,2,1,0.0,-8.01,"2,2',3,3',4,4'-PCB"
CC(=O)CC(c1ccccc1)c3c(O)c2ccccc2oc3=O ,308.3330000000001,1,3,4,67.50999999999999,-3.893,Warfarin
c1ccccc1C(O)C(O)c2ccccc2,214.264,2,2,3,40.46,-1.93,hydrobenzoin
COC(=O)c1ccccc1C(=O)OC,194.18599999999995,0,1,2,52.60000000000001,-1.66,Dimethyl phthalate
CCCCCCCC(=O)OCC,172.26799999999997,0,0,7,26.3,-3.39,Ethyl octanoate
CCSSCC,122.258,0,0,3,0.0,-2.42,Diethyldisulfide
CCOCCOCC,118.176,0,0,5,18.46,-0.77,"1,2-Diethoxyethane "
Clc1cc(Cl)c(Cl)cc1Cl,215.894,0,1,0,0.0,-5.56,"1,2,4,5-Tetrachlorobenzene"
Nc1ccc(cc1)c2ccc(N)cc2,184.242,2,2,1,52.04,-2.7,p-benzidine
CCCCCC=C,98.189,0,0,4,0.0,-3.73,1-Heptene
CCCCc1c(C)nc(NCC)[nH]c1=O,209.293,2,1,5,57.78,-3.028,Ethirimol
O=C1NC(=O)NC(=O)C1(CC)C(C)CCC,226.27599999999995,2,1,4,75.27000000000001,-2.39,Pentobarbital
Nc1ccccc1Cl,127.574,1,1,0,26.02,-1.52,o-Chloroaniline
COc1cccc(Cl)c1,142.58499999999998,0,1,1,9.23,-2.78,3-Chloroanisole
CCCCN(CC)C(=O)SCCC,203.35099999999997,0,0,6,20.31,-3.53,Pebulate
CCCCOC=O,102.13299999999998,0,0,4,26.3,-1.37,Butyl acetate
CC12CC(O)C3C(CCC4=CC(=O)C=CC34C)C2CCC1(O)C(=O)CO,360.4500000000002,3,4,2,94.83,-3.18,Prednisolone
BrC(Cl)Cl,163.82899999999998,0,0,0,0.0,-1.54,Bromodichloromethane
CC34CC(=O)C1C(CCC2=CC(=O)CCC12C)C3CCC4(=O) ,300.3980000000001,0,4,0,51.21,-3.48,adrenosterone
c1ccc(cc1)c2ccc(cc2)c3ccccc3,230.31,0,3,2,0.0,-7.11,p-terphenyl
Oc1ccc(C=O)cc1,122.12299999999998,1,1,1,37.3,-0.96,p-Hydroxybenzaldehyde 
CBr,94.939,0,0,0,0.0,-0.79,Bromomethane
Cc1cc(ccc1NS(=O)(=O)C(F)(F)F)S(=O)(=O)c2ccccc2,379.381,1,2,4,80.31,-3.8,Perfluidone
CC(=O)CC(c1ccc(Cl)cc1)c2c(O)c3ccccc3oc2=O,342.7780000000001,1,3,4,67.50999999999999,-5.8389999999999995,Coumachlor
CCc1ccc2ccccc2c1,156.22799999999998,0,2,1,0.0,-4.29,2-Ethylnaphthalene
Nc1c(C)c[nH]c(=O)n1 ,125.131,2,1,0,71.77000000000001,-1.4580000000000002,5-methylcytosine
Clc2c(Cl)c(Cl)c(c1ccccc1)c(Cl)c2Cl ,326.437,0,2,1,0.0,-7.92,"2,3,4,5,6-PCB"
c1c(NC(=O)c2ccccc2(I))cccc1,323.133,1,2,2,29.1,-4.21,benodanil
Cc3cc2nc1c(=O)[nH]c(=O)nc1n(CC(O)C(O)C(O)CO)c2cc3C,376.36900000000014,5,3,5,161.56,-3.685,Riboflavin
Fc1ccccc1Br,175.0,0,1,0,0.0,-2.7,o-Fluorobromobenzene
Oc1ccc(Cl)cc1Cl,163.003,1,1,0,20.23,-1.55,"2,4-Dichlorophenol "
CC1(C)C(C=C(Cl)Cl)C1C(=O)OCc2cccc(Oc3ccccc3)c2,391.2940000000001,0,3,6,35.53,-6.291,Permethrin
CN2C(=C(O)c1ccccc1S2(=O)=O)C(=O)Nc3ccccn3 ,331.353,2,3,2,99.6,-4.16,piroxicam
O=C1N(COC(=O)CC)C(=O)C(N1)(c2ccccc2)c3ccccc3,338.36300000000006,1,3,5,75.71,-4.907,3-Propanoyloxymethylphenytoin
C1CCCC1,70.135,0,1,0,0.0,-2.64,Cyclopentane 
Cc1ccccc1N,107.156,1,1,0,26.02,-2.21,o-Toluidine
c1(OC)ccc(CC=C)cc1,148.205,0,1,3,9.23,-2.92,Estragole
CN(C)C(=O)Nc1cccc(OC(=O)NC(C)(C)C)c1 ,279.34,2,1,2,70.67,-2.93,karbutilate
CC(C)C=C,70.135,0,0,1,0.0,-2.73,3-Methyl-1-Butene
Oc1ccccn1,95.101,1,1,0,33.120000000000005,1.02,2-Hydroxypyridine
CC,30.07,0,0,0,0.0,-1.36,Ethane
Clc1ccccc1Cl,147.00399999999996,0,1,0,0.0,-3.05,"1,2-Dichlorobenzene"
Sc2nc1ccccc1s2 ,167.25799999999998,1,2,0,12.89,-3.18,mercaptobenzothiazole
Clc1c(Cl)c(Cl)c(c(Cl)c1Cl)c2c(Cl)c(Cl)c(Cl)c(Cl)c2Cl ,498.66200000000026,0,2,1,0.0,-11.6,"2,2',3,3',4,4',5,5',6,6'-PCB"
COc2c1occc1cc3ccc(=O)oc23 ,216.19199999999995,0,3,1,52.58,-3.664,Methoxsalen
CC(=O)N,59.068,1,0,0,43.09,1.58,Acetamide
Cc1cccc2ccccc12,142.201,0,2,0,0.0,-3.7,1-Methylnaphthalene
CCN(CC)C(=O)C(C)Oc1cccc2ccccc12 ,271.36,0,2,5,29.540000000000003,-3.57,Napropamide
CC(O)C(C)(C)C,102.177,1,0,0,20.23,-0.62,"3,3-Dimethyl-2-butanol"
CCCC(=O)OCC,116.15999999999998,0,0,3,26.3,-1.36,Methyl pentanoate
CC2=CC(=O)c1ccccc1C2=O ,172.18299999999996,0,2,0,34.14,-3.03,Menadione
c1ccc2c(c1)ccc3ccccc32,178.23399999999998,0,3,0,0.0,-5.26,Phenanthrene
Cc1ccnc(C)c1,107.156,0,1,0,12.89,0.38,"2,4-Dimethylpyridine"
CCCCCCCCCO,144.258,1,0,7,20.23,-3.01,1-Nonanol
BrCBr,173.83499999999998,0,0,0,0.0,-1.17,Dibromomethane
CC1CC2C3CCC4=CC(=O)C=CC4(C)C3(F)C(O)CC2(C)C1(O)C(=O)CO,392.4670000000002,3,4,2,94.83,-3.59,Dexamethasone
Cc1ccc2cc(C)ccc2c1,156.228,0,2,0,0.0,-4.89,"2,6-Dimethylnaphthalene "
CCSC(=O)N(CC(C)C)CC(C)C,217.378,0,0,5,20.31,-3.68,Butylate
O=N(=O)OCC(CON(=O)=O)ON(=O)=O ,227.085,0,0,8,157.11,-2.22,nitroglycerin
Nc1cccc(c1)N(=O)=O,138.126,1,1,1,69.16,-2.19,m-Nitroaniline
CCCCCl,92.569,0,0,2,0.0,-2.03,1-Chlorobutane
ClC(Cl)(Cl)C(NC=O)N1C=CN(C=C1)C(NC=O)C(Cl)(Cl)Cl ,430.9340000000001,2,1,6,64.68,-4.19,triforine
Cn2cc(c1ccccc1)c(=O)c(c2)c3cccc(c3)C(F)(F)F,329.32099999999997,0,3,2,22.0,-4.445,Fluridone
Nc3cc2c1ccccc1ccc2c4ccccc34 ,243.309,1,4,0,26.02,-6.2,6-aminochrysene
CC12CCC3C(CCc4cc(O)ccc34)C2CCC1=O,270.372,1,4,0,37.3,-3.955,Estrone
CCN2c1ccccc1N(C)C(=S)c3cccnc23 ,269.373,0,3,1,19.37,-4.706,RTI 17
CC1CO1,58.08,0,1,0,12.53,-0.59,"1,2-Propylene oxide"
O=C3CN=C(c1ccccc1)c2cc(ccc2N3)N(=O)=O,281.271,1,3,2,84.6,-3.796,Nitrazepam
CCNC(=S)NCC,132.232,2,0,2,24.06,-1.46,"1,3-diethylthiourea"
Oc1cc(Cl)cc(Cl)c1Cl,197.448,1,1,0,20.23,-2.67,"2,3,5-Trichlorophenol"
CCCCC(=O)OC,116.15999999999998,0,0,3,26.3,-1.34,Propyl propanoate
Nc1ccccc1,93.129,1,1,0,26.02,-0.41,Aniline 
Cc1cccc2c(C)cccc12,156.228,0,2,0,0.0,-4.678999999999999,"1,5-Dimethlnapthalene"
NS(=O)(=O)c2cc1c(NCNS1(=O)=O)cc2Cl ,297.745,3,2,1,118.36,-2.63,hydrochlorothiazide
C1=Cc2cccc3cccc1c23,152.19599999999994,0,3,0,0.0,-3.96,Acenapthylene
CCCCCOC(=O)CC,144.21399999999997,0,0,5,26.3,-1.28,Ethyl butyrate
CCNc1nc(NC(C)C)nc(OC)n1,211.269,2,1,5,71.96000000000001,-2.084,Atratone
c1ccc2c(c1)cc3ccc4cccc5ccc2c3c45,252.31599999999997,0,5,0,0.0,-8.699,Benzo(a)pyrene
CCBr,108.966,0,0,0,0.0,-1.09,Bromoethane
CCC#CCC,82.14599999999999,0,0,0,0.0,-1.99,3-Hexyne
CC1OC(CC(O)C1O)OC2C(O)CC(OC2C)OC8C(O)CC(OC7CCC3(C)C(CCC4C3CCC5(C)C(CCC45O)C6=CC(=O)OC6)C7)OC8C ,764.9499999999999,5,8,7,182.83,-5.292999999999999,Digitoxin
CCC(=C)C,70.13499999999999,0,0,1,0.0,-2.73,2-Methyl-1-Butene
Oc1cccc2cccnc12 ,145.16099999999997,1,2,0,33.120000000000005,-2.42,8-quinolinol
C1CCc2ccccc2C1,132.20599999999996,0,2,0,0.0,-4.37,"1,2,3,4-Tetrahydronapthalene"
Oc1ccc(cc1)C2(OC(=O)c3ccccc23)c4ccc(O)cc4 ,318.32800000000003,2,4,2,66.76,-2.9,phenolphthalein
Brc1cc(Br)cc(Br)c1,314.802,0,1,0,0.0,-5.6,"1,3,5-Tribromobenzene"
COP(=S)(OC)Oc1cc(Cl)c(Cl)cc1Cl,321.549,0,1,4,27.69,-5.72,Ronnel
Cc1cc(=O)[nH]c(=S)[nH]1,142.18300000000002,2,1,0,48.65,-2.436,methylthiouracil
COc1cc(CC=C)ccc1O,164.204,1,1,3,29.46,-1.56,Eugenol
O=C1NC(=O)NC(=O)C1(C(C)C)CC=C,210.233,2,1,3,75.27000000000001,-1.7080000000000002,5-Allyl-5-isopropylbarbital
c1cc2ccc3cccc4ccc(c1)c2c34,202.25599999999997,0,4,0,0.0,-6.176,Pyrene
CCOC(C)OCC,118.176,0,0,4,18.46,-0.43,"1,1-Diethoxyethane "
CC1(C)CON(Cc2ccccc2Cl)C1=O,239.702,0,2,2,29.54,-2.338,Clomazone
CCCCOCCO,118.176,1,0,5,29.46,-0.42,2-Butoxyethanol
Clc1c(Cl)c(Cl)c(N(=O)=O)c(Cl)c1Cl,295.336,0,1,1,43.14,-5.82,Quintozene
CC12CCC(O)CC1CCC3C2CCC4(C)C3CCC4=O,290.447,1,4,0,37.3,-4.402,Androsterone
FC(F)(F)c1cccc(c1)N2CC(CCl)C(Cl)C2=O,312.118,0,2,2,20.31,-4.047,Flurochloridone
c1ccc2ncccc2c1,129.16199999999998,0,2,0,12.89,-1.3,Quinoline
COC(=O)c1cc(O)c(O)c(O)c1 ,184.147,3,1,1,86.99000000000001,-1.24,methyl gallate
OC(Cn1cncn1)(Cn2cncn2)c3ccc(F)cc3F ,306.276,1,3,5,81.64999999999999,-1.8,fluconazole
Clc2ccc1oc(=O)[nH]c1c2,169.567,1,2,0,46.0,-2.8310000000000004,Chlorzoxazone
Clc1ccc(c(Cl)c1)c2c(Cl)c(Cl)c(Cl)c(Cl)c2Cl,395.3270000000001,0,2,1,0.0,-7.92,"2,2',3,4,4',5',6-PCB"
O=C1NC(=O)C(=O)C(=O)N1 ,142.07,2,1,0,92.34,-1.25,alloxan
ClCCCCl,112.987,0,0,2,0.0,-1.62,"1,3-Dichloropropane"
Fc1cccc(Br)c1,175.0,0,1,0,0.0,-2.67,m-Fluorobromobenzene
Clc1ccc(Br)cc1,191.455,0,1,0,0.0,-3.63,p-Chlorobromobenzene
CC(C)C(C)C,86.178,0,0,1,0.0,-3.65,"2,3-Dimethylbutane"
CCC=C,56.108,0,0,1,0.0,-1.94,1-Butene
Clc1ccc(Cl)c(c1)c2cc(Cl)c(Cl)c(Cl)c2Cl,360.88200000000006,0,2,1,0.0,-7.68,"2,2',3,4,5,5'-PCB"
Nc1cc[nH]c(=O)n1 ,111.104,2,1,0,71.77000000000001,-1.155,cytosine
FC(F)(Cl)C(F)(Cl)Cl,187.37500000000003,0,0,1,0.0,-3.04,"1,1,2-Trichlorotrifluoroethane"
CCC#N,55.07999999999999,0,0,0,23.79,0.28,Propionitrile
ClC(Cl)C(c1ccc(Cl)cc1)c2ccccc2Cl ,320.04600000000005,0,2,3,0.0,-6.51,"O,P'-DDD"
COc1ccccc1N(=O)=O,153.13699999999997,0,1,2,52.37,-1.96,o-Nitroanisole
CC34CCC1C(CC=C2CC(O)CCC12C)C3CCC4=O,288.43100000000004,1,4,0,37.3,-4.12,Prasterone
CC12CC2(C)C(=O)N(C1=O)c3cc(Cl)cc(Cl)c3,284.142,0,3,1,37.38,-4.8,Procymidone
c1cc2ccc3ccc4ccc5cccc6c(c1)c2c3c4c56,276.338,0,6,0,0.0,-9.018,Benzo[ghi]perylene
CCC(C)c1cc(cc(N(=O)=O)c1O)N(=O)=O ,240.21499999999995,1,1,4,106.51000000000002,-3.38,Dinoseb
c1c(OC)c(OC)C2C(=O)OCC2c1,196.20199999999997,0,2,2,44.760000000000005,-1.899,meconin
OCC(O)CO,92.094,3,0,2,60.69,1.12,Glycerol
COc1ccccc1O ,124.13899999999995,1,1,1,29.46,-1.96,Guaiacol
CCOP(=S)(OCC)Oc1nc(Cl)c(Cl)cc1Cl ,350.591,0,1,6,40.58,-5.67,chlorpyrifos
Cc1c2ccccc2cc3ccccc13,192.261,0,3,0,0.0,-5.89,9-Methylanthracene
Cc1cc(=O)n(c2ccccc2)n1C,188.23,0,2,1,26.93,0.715,Antipyrene
CCCCOC,88.14999999999999,0,0,3,9.23,-0.99,Methyl butyl ether 
Cc2cnc1cncnc1n2,146.153,0,2,0,51.56,-0.8540000000000001,7-methylpteridine
CCNc1nc(Cl)nc(NCC)n1 ,201.661,2,1,4,62.73,-4.55,simazine
CN(C)C(=O)C,87.12199999999999,0,0,0,20.31,1.11,"N,N-Dimethylacetamide"
CSc1nc(nc(n1)N(C)C)N(C)C,213.31,0,1,3,45.150000000000006,-2.676,Simetryn
C=C,28.053999999999995,0,0,0,0.0,-0.4,Ethylene
CC(C)(C)CCO,102.177,1,0,1,20.23,-0.5,"3,3-Dimethyl-1-butanol"
O=C1NC(=O)NC(=O)C1(CC)CC=C,196.20599999999996,2,1,3,75.27000000000001,-1.614,5-Allyl-5-ethylbarbital
Oc1ccc(Cl)c(Cl)c1Cl,197.448,1,1,0,20.23,-2.67,"2,3,4-Trichlorophenol"
COc1ccccc1,108.13999999999996,0,1,1,9.23,-1.85,Anisole
c1ccc(Cl)cc1C(c2ccc(Cl)cc2)(O)C(=O)OC(C)C,339.21800000000013,1,2,4,46.53,-4.53,chloropropylate
CC13CCC(=O)C=C1CCC4C2CCC(C(=O)CO)C2(CC(O)C34)C=O ,360.4500000000001,2,4,3,91.67000000000002,-3.85,aldosterone
COc2ccc(Oc1ccc(NC(=O)N(C)C)cc1)cc2,286.331,1,2,4,50.8,-4.16,Difenoxuron
CCc1ccc(C)cc1,120.19499999999996,0,1,1,0.0,-3.11,4-Ethyltoluene
CC(C)SC(C)C,118.245,0,0,2,0.0,-2.24,Diisopropylsulfide
O=N(=O)c1cccc(c1)N(=O)=O,168.10799999999995,0,1,2,86.28,-2.29,"1,3-Dinitrobenzene"
CCOP(=S)(OCC)SCSP(=S)(OCC)OCC,384.4870000000002,0,0,12,36.92,-5.54,Ethion
CCC1(C(C)C)C(=O)NC(=O)NC1=O ,198.222,2,1,2,75.27000000000001,-2.21,probarbital
CC(=O)OCC(=O)C3(O)CCC4C2CCC1=CC(=O)CCC1(C)C2C(=O)CC34C ,402.48700000000025,1,4,3,97.74,-4.21,cortisone acetate
Cc1ncc(N(=O)=O)n1CCO,171.15599999999998,1,1,3,81.19,-1.22,Metronidazole
Nc1ccc(Cl)cc1,127.574,1,1,0,26.02,-1.66,p-Chloroaniline
CCCC(C)(C)CO,116.20399999999998,1,0,3,20.23,-1.52,"2,2-Dimethylpentanol"
c1ccoc1,68.07499999999999,0,1,0,13.14,-0.82,Furane
COCCCNc1nc(NC(C)C)nc(SC)n1,271.39,2,1,8,71.96000000000001,-2.928,Methoproptryne
CN(C)C(=O)NC1CC2CC1C3CCCC23,222.3319999999999,1,3,1,32.34,-3.1710000000000003,Norea
CC(C)(C)c1ccccc1,134.22199999999998,0,1,0,0.0,-3.66,t-Butylbenzene 
CC(=O)CCC1C(=O)N(N(C1=O)c2ccccc2)c3ccccc3,322.36400000000003,0,3,5,57.690000000000005,-3.27,kebuzone
CC(=O)OCC(=O)C3(O)CCC4C2CCC1=CC(=O)C=CC1(C)C2C(O)CC34C ,402.48700000000014,2,4,3,100.90000000000002,-4.37,prednisolone acetate
CCCOC,74.12299999999999,0,0,2,9.23,-0.39,Methyl propyl ether 
CC(C)OC(=O)C,102.133,0,0,1,26.3,-0.55,Isopropyl acetate
Brc1ccccc1,157.01,0,1,0,0.0,-2.55,Bromobenzene
CCOC(=O)c1ccc(O)cc1,166.176,1,1,2,46.53,-2.35,Ethyl-p-hydroxybenzoate 
O=C1N(COC(=O)CCC)C(=O)C(N1)(c2ccccc2)c3ccccc3,352.39000000000004,1,3,6,75.71,-5.071000000000001,3-Butanoyloxymethylphenytoin
CCC(=O)OC3CCC4C2CCC1=CC(=O)CCC1(C)C2CCC34C ,344.4950000000001,0,4,2,43.370000000000005,-5.37,testosterone propionate
c1cc2ccc3ccc4ccc5ccc6ccc1c7c2c3c4c5c67,300.36000000000007,0,7,0,0.0,-9.332,Coronene
O=c1[nH]cnc2[nH]ncc12 ,136.114,2,2,0,74.43,-2.266,allopurinol
ClC=C,62.499,0,0,0,0.0,-1.75,Chloroethylene
CN(C)C(=O)C(c1ccccc1)c2ccccc2 ,239.318,0,2,3,20.31,-2.98,diphenamid
BrC(Br)(Br)Br,331.62699999999995,0,0,0,0.0,-3.14,Tetrabromomethane
CCN2c1cc(N(C)C)cc(C)c1NC(=O)c3cccnc23 ,296.374,1,3,2,48.47,-4.871,RTI 22
O=C1NC(=O)c2ccccc12 ,147.13299999999998,1,2,0,46.17,-2.61,phthalimide
OC(c1ccc(Cl)cc1)(c2cncnc2)c3ccccc3Cl,331.202,1,3,3,46.010000000000005,-4.38,Fenarimol
COC(=O)c1ccccc1,136.14999999999998,0,1,1,26.3,-1.85,Methyl benzoate 
Cn1ccc(=O)[nH]c1=O,126.115,1,1,0,54.86,-0.807,1-methyluracil
CCCCC1C(=O)N(N(C1=O)c2ccc(O)cc2)c3ccccc3 ,324.38000000000005,1,3,5,60.85000000000001,-3.73,oxyphenbutazone
Clc1ccc(Cl)c(c1)c2cccc(Cl)c2Cl ,291.9920000000001,0,2,1,0.0,-6.47,"2,2',3,5'-PCB"
CCC2NC(=O)c1cc(c(Cl)cc1N2)S(N)(=O)=O,289.7440000000001,3,2,2,101.29,-3.29,Quinethazone
CN(C)C(=O)Nc1ccc(Cl)c(Cl)c1,233.098,1,1,1,32.34,-3.8,Diuron
C1CC=CC1,68.11900000000001,0,1,0,0.0,-2.1,Cyclopentene 
C1(=O)NC(=O)NC(=O)C1(O)C2(O)C(=O)NC(=O)NC2(=O),286.156,6,2,1,191.0,-1.99,alloxantin
CCCCCCCCC,128.259,0,0,6,0.0,-5.88,Nonane
Oc1ccccc1Cl,128.558,1,1,0,20.23,-1.06,2-Chlorophenol
c1cccc2c3c(C)cc4ccccc4c3ccc12,242.321,0,4,0,0.0,-6.59,5-Methylchrysene
CCOc1ccccc1,122.16699999999996,0,1,2,9.23,-2.33,Phenetole
CCOC(=O)C=Cc1ccccc1,176.215,0,1,3,26.3,-3.0,ethyl cinnamate
Cc1[nH]c(=O)n(c(=O)c1Cl)C(C)(C)C,216.668,1,1,0,54.86,-2.484,Terbacil
Clc1ccccc1C2=NCC(=O)Nc3ccc(cc23)N(=O)=O,315.716,1,3,2,84.6,-3.4989999999999997,Clonazepam
Cc1ccc(cc1)S(=O)(=O)N,171.22099999999998,1,1,1,60.16,-1.74,p-Toluenesulfonamide 
CC(OC(=O)Nc1cccc(Cl)c1)C#C,223.659,1,1,2,38.33,-2.617,Chlorbufam
CCCCCC(C)C,114.232,0,0,4,0.0,-5.08,2-Methylheptane
CC1(C)C(C=C(Cl)C(F)(F)F)C1C(=O)OC(C#N)c2cccc(Oc3ccccc3)c2,449.8560000000001,0,3,6,59.32000000000001,-8.176,Cyhalothrin
CCCC1C(=O)N3N(C1=O)c2cc(C)ccc2N=C3N(C)C ,300.3620000000001,0,3,2,56.220000000000006,-3.5380000000000003,Apazone
CN2C(=O)CN=C(c1ccccc1)c3cc(Cl)ccc23,284.74600000000004,0,3,1,32.67,-3.754,Diazepam
CCC(O)C(C)C,102.177,1,0,2,20.23,-0.7,2-Methyl-3-pentanol
CCOP(=S)(OCC)Oc1ccc(cc1)S(C)=O ,308.36100000000005,0,1,7,44.760000000000005,-2.3,fensulfothion
CC1(C)C2CCC1(C)C(O)C2,154.253,1,2,0,20.23,-2.32,borneol
CC12CCC3C(CCC4=CC(=O)CCC34C)C2CCC1O,288.431,1,4,0,37.3,-4.02,Testosterone
CCCCCCC,100.205,0,0,4,0.0,-4.53,Heptane
Oc1cccc2ccccc12,144.17299999999997,1,2,0,20.23,-2.22,1-Napthol
C/C1CCCCC1\C,112.216,0,1,0,0.0,-4.3,"cis-1,2-Dimethylcyclohexane"
COc2cc1c(N)nc(nc1c(OC)c2OC)N3CCN(CC3)C(=O)OCC(C)(C)O ,435.48100000000034,2,3,6,132.5,-3.638,Trimazosin
C1Cc2c3c1cccc3cc4c2ccc5ccccc54,254.33199999999997,0,5,0,0.0,-7.85,Cholanthrene
CC(=O)C3(C)CCC4C2C=C(C)C1=CC(=O)CCC1(C)C2CCC34C,340.5070000000001,0,4,1,34.14,-5.27,Medrogestone
CCCCCC(=O)C,114.188,0,0,4,17.07,-1.45,2-Heptanone
COP(=O)(NC(C)=O)SC ,183.169,1,0,3,55.4,0.54,Acephate
CCCCSP(=O)(SCCCC)SCCCC,314.5220000000001,0,0,12,17.07,-5.14,DEF
c1cC2C(=O)NC(=O)C2cc1,149.149,1,2,0,46.17,-2.932,phthalamide
NS(=O)(=O)c2cc1c(NC(NS1(=O)=O)C(Cl)Cl)cc2Cl ,380.662,3,2,2,118.36,-2.68,Trichlomethiazide
CC=C(C)C,70.13499999999999,0,0,0,0.0,-2.56,2-Methy-2-Butene
Cc1ccc(C)c(C)c1,120.195,0,1,0,0.0,-3.31,"1,2,4-Trimethylbenzene"
Oc1cc(Cl)c(Cl)cc1Cl,197.448,1,1,0,20.23,-2.21,"2,4,5-Trichlorophenol "
c1ccc2c(c1)cnc3ccccc23 ,179.22199999999998,0,3,0,12.89,-2.78,phenanthridine
CCCC(C)(O)CC,116.20399999999998,1,0,3,20.23,-0.98,3-Methyl-3-hexanol
CCCCCCCC,114.232,0,0,5,0.0,-5.24,Octane
c1ccc2cc3ccccc3cc2c1,178.23399999999995,0,3,0,0.0,-6.35,Anthracene
NNc1ccccc1,108.14399999999998,2,1,1,38.05,0.07,Phenylhydrazine
CCC=O,58.08,0,0,1,17.07,0.58,Propionaldehyde
C1CCCCCCC1,112.216,0,1,0,0.0,-4.15,Cyclooctane
O=C1NC(=O)NC(=O)C1(CC=C)CC=C,208.21699999999996,2,1,4,75.27000000000001,-2.077,"5,5-Diallylbarbital"
ClC(Cl)Cl,119.378,0,0,0,0.0,-1.17,Trichloromethane
Sc1nccc(=O)[nH]1 ,128.15599999999998,2,1,0,45.75,-2.273,thiouracil
Clc1ccc(CN(C2CCCC2)C(=O)Nc3ccccc3)cc1,328.84299999999996,1,3,4,32.34,-5.915,Pencycuron
CC1=CCCCC1,96.17300000000002,0,1,0,0.0,-3.27,1-Methylcyclohexene 
CCCCC(CC)C=O,128.21499999999995,0,0,5,17.07,-2.13,2-Ethylhexanal
COc2c1occc1c(OC)c3c(=O)cc(C)oc23 ,260.24499999999995,0,3,2,61.81,-3.0210000000000004,Khellin
O=C1NC(=O)NC(=O)C1(CC)CCC(C)C,226.27599999999995,2,1,4,75.27000000000001,-2.658,5-Ethyl-5-(3-methylbutyl)barbital
c1ccc2c3c(ccc2c1)c4cccc5cccc3c45,252.31599999999997,0,5,0,0.0,-8.0,Benzo(j)fluoranthene
CCC(CC)C=O,100.161,0,0,3,17.07,-1.52,2-Ethylbutanal
CCCOCCC,102.177,0,0,4,9.23,-1.62,Dipropyl ether
CCCCCCCCCCCCCCO,214.39299999999992,1,0,12,20.23,-5.84,1-Tetradecanol
Oc1c(Cl)ccc(Cl)c1Cl,197.448,1,1,0,20.23,-2.64,"2,3,6-Trichlorophenol"
NC(=O)N,60.056,2,0,0,69.11,0.96,Urea
CCCC#C,68.11899999999999,0,0,1,0.0,-1.64,1-Pentyne
Brc1cccc(Br)c1,235.906,0,1,0,0.0,-3.54,"1,3-Dibromobenzene"
CCCCCCCCCCCCCCCCCCO,270.50099999999986,1,0,16,20.23,-8.4,1-Octadecanol
CC(=O)Nc1ccccc1,135.16599999999997,1,1,1,29.1,-1.33,Acetanilide
c1cc(O)c(O)c2OCC3(O)CC4=CC(=O)C(O)=CC4=C3c21,300.266,4,4,0,107.22,-2.7,hematein
c1nccc(C(=O)NN)c1,137.14200000000002,2,1,1,68.01,0.009,Isonazid
OC1C=CC2C1C3(Cl)C(=C(Cl)C2(Cl)C3(Cl)Cl)Cl ,354.8749999999999,1,3,0,20.23,-5.46,hydroxychlordene
CC(C)CCOC=O,116.15999999999998,0,0,4,26.3,-1.52,Isopentyl formate
CC(=O)c1ccccc1,120.15099999999995,0,1,1,17.07,-1.28,Acetophenone
c2ccc1nc(ccc1c2)c4ccc3ccccc3n4 ,256.308,0,4,1,25.78,-5.4,biquinoline
CCOP(=O)(OCC)OCC,182.156,0,0,6,44.760000000000005,0.43,Triethyl phosphate
CC2(C)C1CCC(C)(C1)C2=O,152.237,0,2,0,17.07,-1.85,D-fenchone
COc2cnc1cncnc1n2,162.152,0,2,1,60.790000000000006,-0.91,7-methoxypteridine
ClC2=C(Cl)C3(Cl)C1C=CCC1C2(Cl)C3(Cl)Cl ,338.876,0,3,0,0.0,-5.64,Chlordene
CC(C)N(=O)=O,89.094,0,0,1,43.14,-0.62,2-Nitropropane
c1ccc2c(c1)[nH]c3ccccc32,167.21099999999998,1,3,0,15.79,-5.27,Carbazole
OCC(O)C(O)CO,122.12,4,0,3,80.92,0.7,Erythritol
CCCOC(=O)c1ccc(N)cc1,179.21899999999997,1,1,3,52.32,-2.452,Risocaine
CNC(=O)C=C(C)OP(=O)(OC)OC,223.16499999999996,1,0,5,73.86,0.6509999999999999,Azodrin
O=C1CCC(=O)N1,99.089,1,1,0,46.17,0.3,Succinimide
CCC(C)C(C)C,100.20499999999998,0,0,2,0.0,-4.28,"2,3-Dimethylpentane"
CCCCc1c(C)nc(NCC)nc1OS(=O)(=O)N(C)C ,316.4270000000001,1,1,8,84.42,-4.16,bupirimate
CCN2c1ncccc1N(C)C(=S)c3cccnc23 ,270.361,0,3,1,32.260000000000005,-4.6339999999999995,RTI 16
O2c1ccccc1N(CC)C(=O)c3ccccc23 ,239.274,0,3,1,29.54,-3.68,RTI 9
C1CCOCC1,86.134,0,1,0,9.23,-0.03,Tetrahydropyran 
CCCCCC#C,96.173,0,0,3,0.0,-3.01,1-Heptyne
c1cc2ccc(OC)c(CC=C(C)(C))c2oc1=O ,244.2899999999999,0,2,3,39.44,-4.314,osthole
c1cc(C)cc2c1c3cc4cccc5CCc(c45)c3cc2,268.3589999999999,0,5,0,0.0,-7.92,3-Methylcholanthrene
CCOC(=O)c1ccccc1,150.177,0,1,2,26.3,-2.32,Ethyl benzoate 
ClCC(C)C,92.569,0,0,1,0.0,-2.0,1-Chloro-2-methylpropane
CC34CCC1C(CCc2cc(O)ccc12)C3CCC4(O)C#C ,296.41,2,4,0,40.46,-4.3,Ethinyl estradiol
CCCCCCCCCCCC(=O)OC,214.34899999999996,0,0,10,26.3,-4.69,methyl laurate
CCCSCCC,118.245,0,0,4,0.0,-2.58,Di-n-propylsulfide
c1ccc2cc3cc4ccccc4cc3cc2c1,228.294,0,4,0,0.0,-8.6,Napthacene
CCCCCBr,151.047,0,0,3,0.0,-3.08,1-Bromopentane
CCCC/C=C/C,98.18899999999998,0,0,3,0.0,-3.82,trans-2-Heptene 
Cc1ncc(N(=O)=O)n1CCO ,171.15599999999998,1,1,3,81.19,-1.26,Metranidazole
CCCCCC1CCCC1,140.26999999999998,0,1,4,0.0,-6.08,Pentylcyclopentane
Clc1ccc(Cl)c(c1)c2c(Cl)c(Cl)cc(Cl)c2Cl ,360.88200000000006,0,2,1,0.0,-7.42,"2,2',3,5,5',6-PCB"
O=C1NC(=O)NC(=O)C1(CC)C(C)C,198.222,2,1,2,75.27000000000001,-2.148,5-Ethyl-5-isopropylbarbituric acid
CC(Cl)(Cl)Cl,133.405,0,0,0,0.0,-2.0,"1,1,1-Trichloroethane"
CON(C)C(=O)Nc1ccc(Cl)cc1,214.652,1,1,2,41.57,-2.57,Monolinuron
O=C2NC(=O)C1(CCCCC1)C(=O)N2,196.206,2,2,0,75.27,-3.06,Cyclohexyl-5-spirobarbituric acid
CN(C)C(=O)OC1=CC(=O)CC(C)(C)C1 ,211.2609999999999,0,1,1,46.61,-0.85,dimetan
Cc1ccc(Br)cc1,171.03700000000003,0,1,0,0.0,-3.19,4-Bromotoluene
CCOCC,74.123,0,0,2,9.23,-0.09,Diethyl ether 
CC(C)NC(=O)N1CC(=O)N(C1=O)c2cc(Cl)cc(Cl)c2,330.17100000000005,1,2,2,69.72,-4.376,Rovral
CCCCN(CC)c1c(cc(cc1N(=O)=O)C(F)(F)F)N(=O)=O,335.28200000000004,0,1,7,89.51999999999998,-5.53,Benfluralin
Cc1cc(C)c(O)c(C)c1,136.194,1,1,0,20.23,-2.05,"2,4,6-Trimethylphenol"
c1ccccc1,78.11399999999999,0,1,0,0.0,-1.64,Benzene 
Clc1ccc(I)cc1,238.455,0,1,0,0.0,-4.03,p-Chloroiodobenzene
COc1ccc(NC(=O)N(C)C)cc1Cl,228.67899999999997,1,1,2,41.57,-2.5639999999999996,Metoxuron
CC(C)N(C(=O)CCl)c1ccccc1 ,211.69200000000004,0,1,3,20.31,-2.48,propachlor
C=Cc1ccccc1,104.15199999999996,0,1,1,0.0,-2.82,Styrene
COCOC,76.095,0,0,2,18.46,0.48,Dimethoxymethane
Cc1ccccc1C,106.168,0,1,0,0.0,-2.8,o-Xylene 
CCC(C)O,74.12299999999999,1,0,1,20.23,0.47,Butan-2-ol
Oc1ccc(O)cc1,110.11199999999998,2,1,0,40.46,-0.17,"1,4-Benzenediol"
CC34CCC1C(CCc2cc(O)ccc12)C3CC(O)C4O ,288.387,3,4,0,60.69,-4.955,estriol
C1c2ccccc2c3cc4ccccc4cc13,216.283,0,4,0,0.0,-8.04,Benzo(b)fluorene
O=C1CNC(=O)N1 ,100.077,2,1,0,58.2,-0.4,hydantoin
c1(O)cc(O)ccc1CCCCCC,194.27399999999992,2,1,5,40.46,-2.59,4-hexylresorcinol
C=CCS(=O)SCC=C,162.27899999999997,0,0,5,17.07,-0.83,allicin
CCOP(=S)(OCC)Oc2ccc1oc(=O)c(Cl)c(C)c1c2,362.7710000000002,0,2,6,57.9,-5.382000000000001,Coumaphos
Cc1c(C)c2c3ccccc3ccc2c4ccccc14,256.348,0,4,0,0.0,-7.01,"5,6-Dimethylchrysene"
CCCCC(=O)OC3(C(C)CC4C2CCC1=CC(=O)C=CC1(C)C2(F)C(O)CC34C)C(=O)CO,476.5850000000002,2,4,6,100.90000000000002,-4.71,Betamethasone-17-valerate
O=c2[nH]c(=O)c1[nH]c(=O)[nH]c1[nH]2 ,168.112,4,2,0,114.36999999999998,-3.93,uric acid
Oc1c(Cl)cc(Cl)c(Cl)c1Cl,231.89299999999997,1,1,0,20.23,-3.1,"2,3,4,6-Tetrachlorophenol"
Clc1cccc(Cl)c1,147.004,0,1,0,0.0,-3.04,"1,3-Dichlorobenzene"
Clc1ccc(cc1)C(c2ccc(Cl)cc2)C(Cl)(Cl)Cl,354.491,0,2,2,0.0,-7.15,DDT
CC(C)COC=O,102.13299999999998,0,0,3,26.3,-1.01,Isobutyl formate
c1ccccc1SC,124.208,0,1,1,0.0,-2.39,thioanisole
CCN2c1nc(C)cc(C(F)(F)F)c1NC(=O)c3cccnc23 ,322.29,1,3,1,58.120000000000005,-4.207,RTI 13
CCCCCC,86.178,0,0,3,0.0,-3.84,Hexane 
COC(=O)c1cccnc1 ,137.138,0,1,1,39.19,-0.46,methyl nicotinate
NS(=O)(=O)c3cc2c(NC(Cc1ccccc1)NS2(=O)=O)cc3C(F)(F)F,421.4220000000001,3,3,3,118.36,-3.59,Bendroflumethiazide
Clc1ccc(cc1Cl)c2cc(Cl)c(Cl)c(Cl)c2Cl ,360.88200000000006,0,2,1,0.0,-7.82,"2,3,3',4,4',5-PCB"
CC1(OC(=O)N(C1=O)c2cc(Cl)cc(Cl)c2)C=C,286.11400000000003,0,2,2,46.61,-4.925,Vinclozolin
CCNc1nc(Cl)nc(NC(C)(C)C#N)n1,240.698,2,1,4,86.52,-3.15,Cyanazine
c1ccc2c(c1)c3ccccc3c4ccccc24,228.294,0,4,0,0.0,-6.726,Triphenylene
CC=C(C(=CC)c1ccc(O)cc1)c2ccc(O)cc2,266.34,2,2,3,40.46,-4.95,Dienestrol
CCCCC(CC)COC(=O)c1ccccc1C(=O)OCC(CC)CCCC,390.5640000000003,0,1,14,52.60000000000001,-6.96,Di(2-ethylhexyl)-phthalate
CCc1ccccn1,107.15599999999998,0,1,1,12.89,0.51,2-Ethyl pyridine
COP(=O)(OC)OC(Br)C(Cl)(Cl)Br,380.784,0,0,5,44.760000000000005,-2.28,Naled
c1ccc(cc1)c2ccccc2,154.21199999999996,0,2,1,0.0,-4.345,Biphenyl
Clc1cc(Cl)c(c(Cl)c1)c2c(Cl)cc(Cl)cc2Cl ,360.88200000000006,0,2,1,0.0,-8.71,"2,2',4,4',6,6'-PCB"
CN(C)c1nc(nc(n1)N(C)C)N(C)C,210.285,0,1,3,48.39000000000001,-3.364,Altretamine
CC(C)CC(C)(C)O,116.20399999999998,1,0,2,20.23,-0.92,"2,4-Dimethyl-2-pentanol "
O=C2NC(=O)C1(CCCCCC1)C(=O)N2 ,210.233,2,2,0,75.27,-3.168,Cycloheptyl-5-spirobarbituric acid
OCC1OC(O)(CO)C(O)C1O,180.156,5,1,2,110.38,0.64,Fructose
Cc1cc(C)cc(O)c1,122.16699999999996,1,1,0,20.23,-1.4,"3,5-Dimethylphenol"
ClCC#CCOC(=O)Nc1cccc(Cl)c1,258.104,1,1,2,38.33,-4.37,Barban
CC(=O)Nc1ccc(Cl)cc1,169.611,1,1,1,29.1,-2.843,p-Chloroacetanilide
Clc1ccc(Cl)c(c1)c2c(Cl)c(Cl)c(Cl)c(Cl)c2Cl,395.3270000000001,0,2,1,0.0,-8.94,"2,2',3,4,5,5',6-PCB"
CCC(C)(C)C,86.17799999999998,0,0,0,0.0,-3.55,"2,2-Dimethylbutane"
CNc1ccccc1,107.15599999999998,1,1,1,12.03,-1.28,N-Methylaniline 
C=CCC=C,68.119,0,0,2,0.0,-2.09,"1,4-Pentadiene "
CC(=O)OCC(=O)C1(O)CCC2C3CCC4=CC(=O)CCC4(C)C3C(O)CC21C,404.5030000000002,2,4,3,100.90000000000002,-4.88,Hydrocortisone 21-acetate
Cc1cc(cc(N(=O)=O)c1O)N(=O)=O,198.134,1,1,2,106.51000000000002,-1.456,DNOC
OC3N=C(c1ccccc1Cl)c2cc(Cl)ccc2NC3=O,321.163,2,3,1,61.690000000000005,-3.604,Lorazepam
Oc1cccc(Cl)c1,128.558,1,1,0,20.23,-0.7,3-Chlorophenol
Clc1cccc(Br)c1,191.455,0,1,0,0.0,-3.21,m-Chlorobromobenzene
NS(=O)(=O)c2cc1c(N=CNS1(=O)=O)cc2Cl ,295.72900000000004,2,2,1,118.69,-3.05,chlorothiazide
O=C1NC(=O)NC(=O)C1(C)CC,170.16799999999998,2,1,1,75.27000000000001,-1.228,5-Methyl-5-ethylbarbituric acid
OCCOc1ccccc1,138.16599999999997,1,1,3,29.46,-0.7,2-Phenoxyethanol
C(c1ccccc1)c2ccccc2,168.239,0,2,2,0.0,-4.08,Diphenylmethane
CCCCCC(O)CC,130.23099999999997,1,0,5,20.23,-1.98,3-Octanol
CCN(Cc1c(F)cccc1Cl)c2c(cc(cc2N(=O)=O)C(F)(F)F)N(=O)=O,421.7340000000001,0,2,6,89.51999999999998,-6.78,Flumetralin
CC(C)Nc1nc(Cl)nc(NC(C)C)n1,229.71500000000003,2,1,4,62.73,-4.43,Propazine
CCCC(C)CO,102.177,1,0,3,20.23,-1.11,2-Methylpentanol
CCCCC(C)(C)O,116.20399999999998,1,0,3,20.23,-1.08,2-Methyl-2-hexanol
CCc1ccccc1,106.16799999999996,0,1,1,0.0,-2.77,Ethylbenzene
O=C1NC(=O)NC(=O)C1(CC)CC=C(C)C,224.25999999999996,2,1,3,75.27000000000001,-2.253,5-(3-Methyl-2-butenyl)-5-ethylbarbital
ClC1C=CC2C1C3(Cl)C(=C(Cl)C2(Cl)C3(Cl)Cl)Cl,373.3209999999999,0,3,0,0.0,-6.317,Heptachlor
CCC(C)C1(CC(Br)=C)C(=O)NC(=O)NC1=O ,303.156,2,1,4,75.27000000000001,-2.647,butallylonal
CC1(C)C(C(=O)OC(C#N)c2cccc(Oc3ccccc3)c2)C1(C)C,349.43000000000006,0,3,5,59.32000000000001,-6.025,Fenpropathrin
COC(C)(C)CCCC(C)CC=CC(C)=CC(=O)OC(C)C,310.47800000000007,0,0,10,35.53,-5.19,Methoprene
CCOC(=O)CC,102.133,0,0,2,26.3,-0.66,Ethyl propionate
CSc1nc(NC(C)C)nc(NC(C)C)n1,241.364,2,1,5,62.73,-4.1,Prometryn
CC(C#C)N(C)C(=O)Nc1ccc(Cl)cc1,236.702,1,1,2,32.34,-3.9,Buturon
Cc1cc2ccccc2cc1C,156.22799999999998,0,2,0,0.0,-4.72,"2,3-Dimethylnaphthalene"
Clc1ccc(cc1)c2cc(Cl)ccc2Cl ,257.547,0,2,1,0.0,-6.25,"2,4',5-PCB"
Clc1ccc(c(Cl)c1)c2cc(Cl)c(Cl)c(Cl)c2Cl ,360.88200000000006,0,2,1,0.0,-7.39,"2,3',4,4',5-PCB"
NC(N)=NC#N ,84.082,2,0,0,88.19,-0.31,2-cyanoguanidine
ClC(Cl)(Cl)N(=O)=O,164.375,0,0,0,43.14,-2.0,Chloropicrin
Clc1cccc(Cl)c1c2ccccc2 ,223.102,0,2,1,0.0,-5.21,"2,6-PCB"
COc1ccc(C=O)cc1,136.14999999999998,0,1,2,26.3,-1.49,p-Methoxybenzaldehyde
CC(=O)Nc1ccc(cc1)N(=O)=O,180.163,1,1,2,72.24000000000001,-2.6919999999999997,4-Nitroacetanilide
CCCCCCC(=O)OCC,158.241,0,0,6,26.3,-2.74,Ethyl heptanoate
CC(=O)Nc1ccc(O)cc1,151.165,2,1,1,49.33,-1.03,p-Hydroxyacetanilide
c2ccc1[nH]ncc1c2 ,118.13899999999998,1,2,0,28.68,-2.16,indazole
CC5(C)OC4CC3C2CCC1=CC(=O)C=CC1(C)C2(F)C(O)CC3(C)C4(O5)C(=O)CO ,434.50400000000025,2,5,2,93.06000000000002,-4.31,triamcinolone acetonide
Nc2nc1[nH]cnc1c(=O)[nH]2 ,151.129,3,2,0,100.45,-3.583,guanine
COC(=O)C,74.07900000000001,0,0,0,26.3,0.46,Methyl acetate
CC34CCC1C(CCC2CC(=O)CCC12C)C3CCC4O ,290.44699999999995,1,4,0,37.3,-4.743,Stanolone
CCCC(O)C=C,100.161,1,0,3,20.23,-0.59,1-Hexene-3-ol
OC(C1=CC2C5C(C1C2=C(c3ccccc3)c4ccccn4)C(=O)NC5=O)(c6ccccc6)c7ccccn7 ,511.5810000000002,2,7,5,92.18,-3.931,norbormide
CCCCOCCCC,130.231,0,0,6,9.23,-1.85,Dibutyl ether 
CCCCCCCCCCCCO,186.33899999999997,1,0,10,20.23,-4.8,1-Dodecanol
CCN2c1nc(N(C)(CCO))ccc1NC(=O)c3cccnc23 ,313.36100000000005,2,3,4,81.59000000000002,-3.36,RTI 6
CCCC(C)(C)O,102.17699999999998,1,0,2,20.23,-0.49,2-Methyl-2-pentanol
Nc1nc(=O)[nH]cc1F,129.09399999999997,2,1,0,71.77,-0.972,Flucytosine
CCCCOc1ccc(C(=O)OCC)c(c1)N(CC)CC ,293.40700000000004,0,1,9,38.77,-3.84,stadacaine
CCCCCC(C)(C)O,130.231,1,0,4,20.23,-1.72,2-Methyl-2-heptanol
Cc1c(C)c(C)c(C)c(C)c1C,162.27599999999998,0,1,0,0.0,-5.23,Hexamethylbenzene
CC(C)c1ccc(C)cc1O,150.22099999999998,1,1,1,20.23,-2.22,Thymol
c2cnc1ncncc1n2,132.12599999999998,0,2,0,51.56,0.02,Pteridine
CCOP(=S)(OCC)Oc1ccc(cc1)N(=O)=O,291.26500000000004,0,1,7,70.83000000000001,-4.66,Parathion
C,16.043,0,0,0,0.0,-0.9,Methane
c2ccc1NCCc1c2 ,119.167,1,2,0,12.03,-1.04,indoline
O=N(=O)c1cccc2ccccc12,173.171,0,2,1,43.14,-3.54,1-Nitronapthalene
CCC(C)C(=O)C,100.161,0,0,2,17.07,-0.67,3-Methyl-2-pentanone
Nc1nc(O)nc2nc[nH]c12 ,151.129,3,2,0,100.71,-3.401,isoguanine
OC(CC(c1ccccc1)c3c(O)c2ccccc2oc3=O)c4ccc(cc4)c5ccc(Br)cc5 ,527.4140000000002,2,5,6,70.67,-4.445,bromadiolone
CN(=O)=O,61.040000000000006,0,0,0,43.14,0.26,Nitromethane
CC(C)N(C(C)C)C(=O)SCC(Cl)=C(Cl)Cl,304.66999999999996,0,0,4,20.31,-4.88,Triallate
C=CCCC=C,82.14599999999999,0,0,3,0.0,-2.68,"1,5-Hexadiene "
c2ccc1[nH]ccc1c2,117.15099999999995,1,2,0,15.79,-1.52,Indole
CC34CCC1C(CCC2=CC(=O)CCC12C)C3CCC4=O,286.415,0,4,0,34.14,-3.69,Androstenedione
CCCCC=C,84.16199999999999,0,0,3,0.0,-3.23,1-Hexene
Cc1cccc(C)c1NC(=O)c2cc(c(Cl)cc2O)S(N)(=O)=O,354.8150000000001,3,2,3,109.48999999999998,-3.79,Xipamide
CCC1CCCCC1,112.216,0,1,1,0.0,-4.25,Ethylcyclohexane
CCCCCCCC(=O)C,142.242,0,0,6,17.07,-2.58,2-Nonanone
COC(=O)Nc2nc1ccc(cc1[nH]2)C(=O)c3ccccc3,295.298,2,3,3,84.07999999999998,-3.88,Mebendazole
CC(C)OC(=O)Nc1cccc(Cl)c1,213.664,1,1,2,38.33,-3.38,Chloropham
CCN2c1nc(Cl)ccc1N(C)C(=O)c3cccnc23 ,288.73800000000006,0,3,1,49.330000000000005,-4.114,RTI 12
CNC(=O)Oc1cccc2ccccc12,201.225,1,2,1,38.33,-3.224,Carbaryl
C#C,26.037999999999997,0,0,0,0.0,0.29,Ethyne
Cc1cncc(C)c1,107.15599999999998,0,1,0,12.89,0.38,"3,5-Dimethylpyridine"
C1C=CCC=C1,80.12999999999998,0,1,0,0.0,-2.06,"1,4-Cyclohexadiene"
CCOC(=O)N(C)C(=O)CSP(=S)(OCC)OCC,329.3800000000001,0,0,8,65.07000000000001,-2.518,Mecarbam
CC(O)c1ccccc1,122.16699999999996,1,1,1,20.23,-0.92,1-Phenylethanol
CC(Cl)CCl,112.987,0,0,1,0.0,-1.6,"1,2-Dichloropropane"
CCCC=C(CC)C=O,126.19899999999998,0,0,4,17.07,-2.46,2-Ethyl-2-hexanal
CCOP(=S)(OCC)SCCSCC,274.413,0,0,9,18.46,-4.23,Disulfoton
CC(=O)OC3(C)CCC4C2CCC1=CC(=O)CCC1(C)C2CCC34C ,344.4950000000001,0,4,1,43.370000000000005,-5.284,methyltestosterone acetate
Clc1ccc(cc1)c2c(Cl)cccc2Cl ,257.547,0,2,1,0.0,-6.14,"2,4,6-PCB"
Fc1cccc(F)c1C(=O)NC(=O)Nc2ccc(Cl)cc2,310.687,2,2,2,58.2,-6.02,difluron
Oc1cc(Cl)ccc1Oc2ccc(Cl)cc2Cl,289.54499999999996,1,2,2,29.46,-4.46,Triclosan
c1(C(=O)OCCCCCC(C)(C))c(C(=O)OCCCCCC(C)(C))cccc1,390.5640000000002,0,1,14,52.60000000000001,-6.6370000000000005,diisooctyl phthalate
CC12CC(O)C3C(CCC4=CC(=O)CCC34C)C2CCC1C(=O)CO,346.46700000000016,2,4,2,74.6,-3.24,Corticosterone
Cc1cc(C)cc(C)c1,120.19499999999998,0,1,0,0.0,-3.4,"1,3,5-Trimethylbenzene "
CCCCCCCCOC(=O)c1ccccc1C(=O)OCCCCCCCC ,390.5640000000003,0,1,16,52.60000000000001,-5.115,dioctyl phthalate
CCCCCCCCCCCCCCCO,228.41999999999993,1,0,13,20.23,-6.35,1-Pentadecanol
Clc1cccc(Cl)c1c2c(Cl)cccc2Cl ,291.99199999999996,0,2,1,0.0,-7.39,"2,2',6,6'-PCB"
O=C1NC(=O)NC(=O)C1(C)C,156.141,2,1,0,75.27000000000001,-1.742,"5,5-Dimethylbarbituric acid"
CC(C)I,169.993,0,0,0,0.0,-2.09,2-Iodopropane
O=N(=O)c1ccccc1N(=O)=O,168.10799999999995,0,1,2,86.28,-3.1,"1,2-Dinitrobenzene"
CC(C)C(=O)C,86.13399999999999,0,0,1,17.07,-0.12,3-Methyl-2-butanone
CCCCCCCCCCCCCCCC,226.44799999999992,0,0,13,0.0,-8.4,Hexadecane
CC12CCC(CC1)C(C)(C)O2,154.253,0,3,0,9.23,-1.74,"1,8-Cineole"
Cc2cccc3sc1nncn1c23 ,189.243,0,3,0,30.19,-2.07,Tricyclazole
CCCCCCC(=O)C,128.21499999999995,0,0,5,17.07,-2.05,2-Octanone
CCCCCCCCC(=O)OC,172.268,0,0,7,26.3,-3.38,Methyl nonanoate
Fc1ccc(F)cc1,114.094,0,1,0,0.0,-1.97,"1,4-Difluorobenzene"
O=C1N(C2CCC(=O)NC2=O)C(=O)c3ccccc13,258.233,1,3,1,83.55000000000001,-2.676,Thalidomide
CCCN(CCC)c1c(cc(cc1N(=O)=O)C(F)(F)F)N(=O)=O,335.28200000000004,0,1,7,89.51999999999998,-5.68,Trifluralin
CCO,46.069,1,0,0,20.23,1.1,Ethanol
O=C2NC(=O)C1(CCCC1)C(=O)N2,182.179,2,2,0,75.27,-2.349,Cyclopentyl-5-spirobarbituric acid
c1c(NC(=O)OC(C)C(=O)NCC)cccc1,236.271,2,1,4,67.42999999999999,-1.83,Carbetamide
CC(C)=CC3C(C(=O)OCc2cccc(Oc1ccccc1)c2)C3(C)C ,350.4580000000001,0,3,6,35.53,-5.24,phenothrin
CN(C)C(=O)NC1CCCCCCC1,198.30999999999992,1,1,1,32.34,-2.218,Cycluron
ClC1(C2(Cl)C3(Cl)C4(Cl)C5(Cl)C1(Cl)C3(Cl)Cl)C5(Cl)C(Cl)(Cl)C24Cl,545.5460000000002,0,6,0,0.0,-6.8,Mirex
CCCCCCCCBr,193.128,0,0,6,0.0,-5.06,1-Bromooctane
CCCCNC(=O)n1c(NC(=O)OC)nc2ccccc12,290.323,2,2,4,85.25,-4.883,Benomyl
CN(C)c2c(C)n(C)n(c1ccccc1)c2=O ,231.299,0,2,2,30.17,-0.364,aminopyrine
CCC(O)CC,88.15,1,0,2,20.23,-0.24,3-Pentanol
Cc1ccc(cc1)N(=O)=O,137.138,0,1,1,43.14,-2.49,p-Nitrotoluene
CC(C)CCCO,102.177,1,0,3,20.23,-1.14,4-Methylpentanol
CC34CCC1C(CCC2=CC(=O)CCC12O)C3CCC4(O)C#C,314.42500000000007,2,4,0,57.53,-4.57,Norethisterone
CC(C)OC(=O)C(O)(c1ccc(Br)cc1)c2ccc(Br)cc2 ,428.12000000000006,1,2,4,46.53,-4.93,bromopropylate
Nc2cnn(c1ccccc1)c(=O)c2Cl,221.647,1,2,1,60.91,-2.878,Pyrazon
CCC(C)(C)O,88.14999999999998,1,0,1,20.23,0.15,2-Methylbutan-2-ol
Cc1ccc(O)cc1,108.14,1,1,0,20.23,-0.73,p-Cresol
CCOC=O,74.07900000000001,0,0,2,26.3,0.15,Ethyl formate
CN(C)c1ccccc1,121.18299999999996,0,1,1,3.24,-1.92,"N,N-Dimethylaniline"
C1CCC2CCCCC2C1,138.254,0,2,0,0.0,-5.19,Decalin
CCCCS,90.191,1,0,2,0.0,-2.18,Butanethiol 
c1ccc2c(c1)c3cccc4ccc5cccc2c5c43,252.31599999999997,0,5,0,0.0,-7.8,Benzo(e)pyrene
ClC(=C(Cl)Cl)Cl,165.834,0,0,0,0.0,-2.54,Tetrachloroethylene
CCC(=O)CC,86.134,0,0,2,17.07,-0.28,3-Pentanone
C=CC#N,53.06399999999999,0,0,0,23.79,0.15,Acrylonitrile
CC1CC2C3CC(F)C4=CC(=O)C=CC4(C)C3(F)C(O)CC2(C)C1(O)C(=O)CO,410.4570000000002,3,4,2,94.83,-5.6129999999999995,Flumethasone
CCCCC(=O)C,100.161,0,0,3,17.07,-0.8,2-Hexanone
CCNc1nc(NC(C)(C)C)nc(OC)n1,225.296,2,1,4,71.96000000000001,-3.239,Terbumeton
CCCCC(C)CC,114.232,0,0,4,0.0,-5.16,3-Methylheptane
BrCCBr,187.862,0,0,1,0.0,-1.68,"1,2-Dibromoethane"
CNC(=O)Oc1ccccc1C(C)C,193.246,1,1,2,38.33,-2.863,Isoprocarb
O=C1NCCN1c2ncc(s2)N(=O)=O,214.206,1,2,2,88.37,-3.22,Niridazole
C1c2ccccc2c3ccc4ccccc4c13,216.283,0,4,0,0.0,-6.68,Benzo(a)fluorene
COc1ccccc1Cl,142.58499999999998,0,1,1,9.23,-2.46,2-Chloroanisole
COP(=S)(OC)Oc1cc(Cl)c(Br)cc1Cl,366.0,0,1,4,27.69,-6.09,Bromophos
ClC(Cl)CC(=O)NC2=C(Cl)C(=O)c1ccccc1C2=O,332.57000000000005,1,2,3,63.24,-5.03,Quinonamid
ClC(Cl)C(c1ccc(Cl)cc1)c2ccc(Cl)cc2 ,320.04600000000005,0,2,3,0.0,-7.2,"P,P'-DDD"
COC(=O)C=C,86.09,0,0,1,26.3,-0.22,Methyl acrylate
CN(C)C(=O)Nc2ccc(Oc1ccc(Cl)cc1)cc2,290.75,1,2,3,41.57000000000001,-4.89,Chloroxuron
N(=Nc1ccccc1)c2ccccc2,182.226,0,2,2,24.72,-4.45,Azobenzene
CC(C)c1ccc(C)cc1,134.22199999999998,0,1,1,0.0,-3.77,4-Isopropyltoluene
Oc1c(Cl)cccc1Cl,163.003,1,1,0,20.23,-1.79,"2,6-Dichlorophenol"
OCC2OC(OC1(CO)OC(CO)C(O)C1O)C(O)C(O)C2O ,342.297,8,2,5,189.52999999999997,0.79,Sucrose
OC1C(O)C(O)C(O)C(O)C1O,180.156,6,1,0,121.38,0.35,d-inositol
Cn2c(=O)n(C)c1ncn(CC(O)CO)c1c2=O,254.24599999999995,2,2,3,102.28,-0.17,Dyphylline
OCC(NC(=O)C(Cl)Cl)C(O)c1ccc(cc1)N(=O)=O,323.13200000000006,3,1,6,112.70000000000002,-2.111,Chloramphenicol
CCC(O)(CC)CC,116.204,1,0,3,20.23,-0.85,3-Ethyl-3-pentanol
CC45CCC2C(CCC3CC1SC1CC23C)C4CCC5O,306.51500000000004,1,5,0,20.23,-5.41,Epitostanol
Brc1ccccc1Br,235.906,0,1,0,0.0,-3.5,"1,2-Dibromobenzene"
Oc1c(Cl)cc(Cl)cc1Cl,197.448,1,1,0,20.23,-2.34,"2,4,6-Trichlorophenol"
CCCN(CCC)c1c(cc(cc1N(=O)=O)S(N)(=O)=O)N(=O)=O,346.3650000000001,1,1,8,149.67999999999998,-5.16,oryzalin
C2c1ccccc1N(CCF)C(=O)c3ccccc23 ,255.29199999999997,0,3,2,20.31,-4.7989999999999995,RTI 20
CC(C)C(=O)C(C)C,114.18799999999996,0,0,2,17.07,-1.3,"2,4-Dimethyl-3-pentanone"
O=C1NC(=O)NC(=O)C1(C(C)C)CC=C(C)C,238.287,2,1,3,75.27000000000001,-2.593,5-(3-Methyl-2-butenyl)-5-isoPrbarbital
c1c(O)C2C(=O)C3cc(O)ccC3OC2cc1(OC),262.261,2,3,1,75.99000000000001,-2.943,gentisin
Cn1cnc2n(C)c(=O)n(C)c(=O)c12,194.19399999999996,0,2,0,61.82,-0.8759999999999999,Caffeine
CC(=O)SC4CC1=CC(=O)CCC1(C)C5CCC2(C)C(CCC23CCC(=O)O3)C45,416.58300000000025,0,5,1,60.44,-4.173,Spironolactone
Cc1ccc(O)cc1C,122.167,1,1,0,20.23,-1.38,"3,4-Dimethylphenol"
O(c1ccccc1)c2ccccc2,170.211,0,2,2,9.23,-3.96,Diphenyl ether 
Clc1cc(Cl)c(cc1Cl)c2cc(Cl)c(Cl)cc2Cl ,360.88200000000006,0,2,1,0.0,-8.56,"2,2',4,4',5,5'-PCB"
NC(=O)c1cccnc1 ,122.12699999999997,1,1,1,55.98,0.61,nicotinamide
Sc1ccccc1,110.18099999999995,1,1,0,0.0,-2.12,Thiophenol 
CNC(=O)Oc1cc(C)cc(C)c1,179.219,1,1,1,38.33,-2.5810000000000004,XMC
ClC1CC2C(C1Cl)C3(Cl)C(=C(Cl)C2(Cl)C3(Cl)Cl)Cl,409.7819999999999,0,3,0,0.0,-6.86,Chlordane
CSSC,94.204,0,0,1,0.0,-1.44,Dimethyldisulfide
NC(=O)c1ccccc1,121.13899999999995,1,1,1,43.09,-0.96,Benzamide
Clc1ccccc1Br,191.455,0,1,0,0.0,-3.19,o-Chlorobromobenzene
COC(=O)c1ccccc1OC2OC(COC3OCC(O)C(O)C3O)C(O)C(O)C2O,446.405,6,3,6,184.6,-0.742,Monotropitoside
CCCCC(O)CC,116.20399999999998,1,0,4,20.23,-1.47,3-Heptanol 
CCN2c1nc(C)cc(C)c1NC(=O)c3cccnc23 ,268.32,1,3,1,58.120000000000005,-4.553999999999999,RTI 15
Oc1cc(Cl)cc(Cl)c1,163.003,1,1,0,20.23,-1.34,"3,5-Dichlorophenol"
Cc1cccc2c1ccc3ccccc32,192.261,0,3,0,0.0,-5.85,1-Methylphenanthrene
CCCCC(CC)CO,130.231,1,0,5,20.23,-2.11,2-Ethyl-1-hexanol
CC(C)N(C(C)C)C(=O)SCC(=CCl)Cl,270.225,0,0,4,20.31,-4.2860000000000005,Diallate
Cc1ccccc1,92.141,0,1,0,0.0,-2.21,Toluene 
Clc1cccc(n1)C(Cl)(Cl)Cl,230.909,0,1,0,12.89,-3.76,Nitrapyrin
C1CCC=CCC1,96.173,0,1,0,0.0,-3.18,Cycloheptene
CN(C)C(=S)SSC(=S)N(C)C ,240.444,0,0,0,6.48,-3.9,Thiram
COC1=CC(=O)CC(C)C13Oc2c(Cl)c(OC)cc(OC)c2C3=O,352.7700000000001,0,3,3,71.06,-3.2460000000000004,Griseofulvin
CCCCCCCCCCO,158.285,1,0,8,20.23,-3.63,1-Decanol
CCC(C)(C)CC,100.20499999999998,0,0,2,0.0,-4.23,"3,3-Dimethylpentane"
CNC(=O)C(C)SCCSP(=O)(OC)(OC),287.34299999999996,1,0,8,64.63000000000001,1.144,vamidothion
Oc1cc(Cl)c(Cl)c(Cl)c1Cl,231.893,1,1,0,20.23,-3.15,"2,3,4,5-Tetrachlorophenol"
CCCC=O,72.107,0,0,2,17.07,-0.01,Butyraldehyde
CC4CC3C2CCC1=CC(=O)C=CC1(C)C2(F)C(O)CC3(C)C4(O)C(=O)COC(C)=O ,434.5040000000003,2,4,3,100.9,-4.9,dexamethasone acetate
CCCC,58.123999999999995,0,0,1,0.0,-2.57,Butane
COc1ccccc1O,124.13899999999995,1,1,1,29.46,-1.96,o-Methoxyphenol
CC1CC2C3CCC(O)(C(=O)C)C3(C)CC(O)C2(F)C4(C)C=CC(=O)C=C14,376.4680000000002,2,4,1,74.6,-4.099,Fluoromethalone
ClC(Cl)C(Cl)(Cl)Cl,202.295,0,0,0,0.0,-2.6,Pentachloroethane
CCOC(=O)c1ccccc1C(=O)OCC,222.23999999999995,0,1,4,52.60000000000001,-2.35,Diethyl phthalate 
CC(C)CO,74.12299999999999,1,0,1,20.23,0.1,2-Methylpropan-1-ol
CC(C)Cc1ccccc1,134.22199999999998,0,1,2,0.0,-4.12,Isobutylbenzene
ICI,267.835,0,0,0,0.0,-2.34,Diiodomethane
CCCC(O)CCC,116.204,1,0,4,20.23,-1.4,4-Heptanol
CCCCCOC(=O)C,130.18699999999998,0,0,4,26.3,-1.89,Pentyl acetate
Oc1c(Cl)c(Cl)cc(Cl)c1Cl,231.893,1,1,0,20.23,-3.37,"2,3,5,6-Tetrachlorophenol"
CCCc1ccccc1,120.19499999999996,0,1,2,0.0,-3.37,Propylbenzene 
FC(F)(Cl)C(F)(F)Cl,170.92000000000002,0,0,1,0.0,-2.74,"1,2-Dichlorotetrafluoroethane"
CC=CC=O,70.09100000000001,0,0,1,17.07,0.32,2-butenal
CN(C)C(=O)N(C)C ,116.164,0,0,0,23.550000000000004,0.94,tetramethylurea
Cc1cc(C)c(C)cc1C,134.22199999999998,0,1,0,0.0,-4.59,"1,2,4,5-Tetramethylbenzene"
CC(=O)OC3(CCC4C2CCC1=CC(=O)CCC1C2CCC34C)C#C,340.4630000000001,0,4,1,43.370000000000005,-4.8,norethindrone acetate
CCOP(=S)(OCC)N2C(=O)c1ccccc1C2=O,299.28800000000007,0,2,5,55.84,-3.35,Ditalimfos
c1ccccc1NC(=O)c2c(O)cccc2,213.236,2,2,2,49.33,-3.59,salicylanilide
CCN(CC)C(=S)SCC(Cl)=C,223.794,0,0,4,3.24,-3.39,Sulfallate
ClCC,64.515,0,0,0,0.0,-1.06,Chloroethane
CC(=O)Nc1cc(NS(=O)(=O)C(F)(F)F)c(C)cc1C,310.297,2,1,3,75.27000000000001,-3.24,Mefluidide
O=C(C=CC=Cc2ccc1OCOc1c2)N3CCCCC3,285.343,0,3,3,38.77,-3.46,Piperine
CC/C=C\C,70.135,0,0,1,0.0,-2.54,cis-2-Pentene
CNC(=O)ON=C(CSC)C(C)(C)C ,218.32199999999995,1,0,3,50.69,-1.62,thiofanox
O=C2NC(=O)C1(CCCCCCC1)C(=O)N2,224.25999999999996,2,2,0,75.27,-2.982,Cyclooctyl-5-spirobarbituric acid
c1(C(C)(C)C)cc(C(C)(C)C)cc(OC(=O)NC)c1,263.381,1,1,1,38.33,-4.24,butacarb
Oc2cc(O)c1C(=O)CC(Oc1c2)c3ccc(O)c(O)c3,288.255,4,3,1,107.22,-3.62,Eriodictyol
O=C(c1ccccc1)c2ccccc2,182.222,0,2,2,17.07,-3.12,Benzophenone
CCCCCCCCCCCCCCCCCCCC,282.5559999999999,0,0,17,0.0,-8.172,Eicosane
N(Nc1ccccc1)c2ccccc2 ,184.242,2,2,3,24.06,-2.92,hydrazobenzene
CCC(CC)CO,102.177,1,0,3,20.23,-1.17,2-Ethyl-1-butanol
Oc1ccncc1,95.10099999999998,1,1,0,33.120000000000005,1.02,4-hydroxypyridine
Cl\C=C/Cl,96.94400000000002,0,0,0,0.0,-1.3,"cis 1,2-Dichloroethylene"
CC1CCCC1,84.162,0,1,0,0.0,-3.3,Methylcyclopentane
CC(C)CC(C)O,102.17699999999998,1,0,2,20.23,-0.8,4-Methyl-2-pentanol
O2c1ccc(N)cc1N(C)C(=O)c3cc(C)ccc23 ,254.289,1,3,0,55.56,-3.928,RTI 11
CC(C)(C)CO,88.14999999999999,1,0,0,20.23,-0.4,"2,2-Dimethylpropanol"
CC(C)(C)C(=O)C(Oc1ccc(Cl)cc1)n2cncn2,293.754,0,2,4,57.010000000000005,-3.61,Triadimefon
Cc1cc(no1)C(=O)NNCc2ccccc2,231.255,2,2,4,67.16,-2.461,Isocarboxazid
CC=C,42.081,0,0,0,0.0,-1.08,Propylene
Oc1ccc(Cl)cc1Cc2cc(Cl)ccc2O,269.127,2,2,2,40.46,-3.953,Dichlorophen
CCOC(=O)Nc2cccc(OC(=O)Nc1ccccc1)c2 ,300.314,2,2,4,76.66,-4.632,Desmedipham
O=C1c2ccccc2C(=O)c3ccccc13,208.216,0,3,0,34.14,-5.19,Anthraquinone
CCCCCCC(C)O,130.231,1,0,5,20.23,-2.09,2-Octanol
CC1=C(C(=O)Nc2ccccc2)S(=O)(=O)CCO1,267.306,1,2,2,72.47,-2.281,Oxycarboxin
CCCCc1ccccc1,134.22199999999998,0,1,3,0.0,-4.06,Butylbenzene
O=C1NC(=O)C(=O)N1 ,114.06,2,1,0,75.27,-0.4,parabanic acid
COP(=S)(OC)Oc1ccc(Sc2ccc(OP(=S)(OC)OC)cc2)cc1,466.47900000000016,0,2,10,55.38000000000001,-6.237,Abate
NS(=O)(=O)c1cc(ccc1Cl)C2(O)NC(=O)c3ccccc23,338.7720000000001,3,3,2,109.49,-3.451,Chlorthalidone
CC(C)COC(=O)C,116.15999999999998,0,0,2,26.3,-1.21,Isobutyl acetate
CC(C)C(C)(C)C,100.20499999999998,0,0,0,0.0,-4.36,"2,2,3-Trimethylbutane"
Clc1ccc(c(Cl)c1Cl)c2c(Cl)cc(Cl)c(Cl)c2Cl ,395.3270000000001,0,2,1,0.0,-7.66,"2,3,3',4,4'6-PCB"
N#Cc1ccccc1C#N,128.13399999999996,0,1,0,47.58,-2.38,Phthalonitrile
Cc1cccc(c1)N(=O)=O,137.138,0,1,1,43.14,-2.44,m-Nitrotoluene
FC(F)(F)C(Cl)Br ,197.381,0,0,0,0.0,-1.71,halothane
CNC(=O)ON=C(SC)C(=O)N(C)C,219.266,1,0,1,70.99999999999999,0.106,Oxamyl
CCSCCSP(=S)(OC)OC,246.359,0,0,7,18.46,-3.091,Thiometon
CCC(C)C,72.151,0,0,1,0.0,-3.18,2-Methylbutane
COP(=O)(OC)OC(=CCl)c1cc(Cl)c(Cl)cc1Cl,365.96400000000006,0,1,5,44.760000000000005,-4.522,Stirofos
